Word,Difficulty,POS
abandon,0.1439526,JJ
abandonment,0.46437556,JJ
abbreviation,0.39089286,NN
abeyance,0.89993566,NN
abide,0.4459218,IN
ability,0.07516488,NN
abnormal,0.31228447,JJ
aboard,0.07517301,IN
abolish,0.1439303,JJ
abolition,0.3909331,NN
abortion,0.28976905,NN
abortive,0.727439,JJ
abridge,0.79647994,NN
abrogate,0.6649054,NN
abrupt,0.28214377,JJ
absence,0.19219229,NN
absent,0.2388999,NN
absolute,0.23057514,NN
absolutely,0.34582523,RB
absorb,0.14705917,JJ
absorption,0.586435,NN
abstract,0.48814797,NN
absurd,0.24927995,JJ
absurdity,0.6788437,NN
abundance,0.36006364,NN
abundant,0.15607801,JJ
abuse,0.13218875,NN
academic,0.14727248,JJ
academy,0.069548704,NN
accede,0.70220065,NN
accelerate,0.28641894,NN
acceleration,0.411641,NN
access,0.07569721,NN
accessible,0.24059068,JJ
accessory,0.14074917,JJ
accident,0.12881732,NN
accidental,0.31035805,JJ
accidentally,0.37226456,RB
accommodate,0.32003924,JJ
accommodation,0.50346196,NN
accompaniment,0.567678,NN
accompany,0.24247573,JJ
accomplish,0.29738274,JJ
accomplishment,0.42032957,NN
accord,0.07425121,NN
account,0.07663184,NN
accountant,0.19714111,JJ
accounting,0.20777376,NN
accrue,0.3037043,JJ
accumulate,0.32507813,JJ
accumulation,0.5297417,NN
accuracy,0.10800152,NN
accurate,0.2853307,JJ
accusation,0.3175035,NN
accuse,0.1328282,IN
achieve,0.13654998,JJ
achievement,0.22759171,NN
acid,0.2547703,NN
acknowledge,0.25144273,VBP
acquaint,0.51924884,NN
acquaintance,0.53465784,NN
acquainted,0.6549744,VBD
acquire,0.1768792,VB
acquisition,0.47290105,NN
across,0.19750006,IN
activate,0.23095594,NN
actively,0.30632824,RB
actual,0.13678552,JJ
actually,0.13867885,RB
acute,0.20737723,JJ
adapt,0.19027402,JJ
adaptation,0.5516465,NN
additional,0.22305776,JJ
additive,0.18977197,JJ
address,0.1786507,NN
adequate,0.14325304,NN
adhere,0.36792254,RB
adhesive,0.5280457,JJ
adjacent,0.20685963,JJ
adjoin,0.77676916,NN
adjust,0.12819996,VBP
adjustment,0.2544365,NN
administer,0.384448,NN
administration,0.42268965,NN
administrative,0.6568384,JJ
admiration,0.61452806,NN
admire,0.20407441,NN
admission,0.2799614,NN
admit,0.14387666,VBP
admittedly,0.62078416,RB
adolescence,0.49324512,JJ
adolescent,0.35590157,NN
adopt,0.24895824,NN
adoption,0.123251244,NN
adore,0.37876114,IN
adorn,0.56172776,JJ
adornment,0.80186254,NN
adult,0.07475838,NN
advance,0.11268037,NN
advanced,0.20348331,VBD
adventure,0.1309602,RB
adventurous,0.651145,JJ
adversary,0.41303164,JJ
adverse,0.2126415,JJ
adversity,0.502514,NN
advertise,0.2767001,NN
advisable,0.76094645,JJ
advocate,0.16890451,JJ
aerial,0.437521,JJ
affect,0.117715605,JJ
affection,0.41648448,NN
affectionate,0.7998813,NN
affiliate,0.32263827,NN
affirm,0.2626025,NN
affirmation,0.3133357,NN
affirmative,0.34978345,JJ
afford,0.23753211,NN
affordable,0.6740697,JJ
agency,0.12491877,NN
agent,0.10064671,NN
aggravate,0.75572383,NN
aggregate,0.5575593,JJ
aggregation,0.7202523,NN
aggressive,0.24077533,JJ
aggressor,0.49440598,NN
agitate,0.6260312,JJ
agitation,0.6540292,NN
agony,0.1769416,NN
agreeable,0.51468176,JJ
agreement,0.1861375,NN
agriculture,0.52581483,NN
aid,0.13201453,NN
ailment,0.6281077,NN
aim,0.14727657,NN
air,0.077748336,NN
aircraft,0.2748222,NN
aisle,0.27193892,NN
ajar,0.5865909,NN
alarm,0.09404022,NN
album,0.07812489,NN
alert,0.15960233,JJ
alien,0.18300541,JJ
alienate,0.7335153,NN
alignment,0.2754378,NN
alike,0.4248003,RB
allergic,0.35568926,JJ
allergy,0.21473174,JJ
alliance,0.21201004,NN
allocate,0.22387455,NN
allot,0.4595887,NN
allowance,0.19833368,NN
alloy,0.3434392,NN
ally,0.18306717,RB
alone,0.24233744,RB
along,0.16515493,JJ
alongside,0.43578425,RB
alter,0.13642196,NN
alternate,0.44393733,JJ
alternation,0.36388755,NN
alternative,0.21103857,JJ
altitude,0.46133736,NN
aluminum,0.31159058,NN
amateur,0.17524049,NN
amaze,0.13810103,NN
amazement,0.2048368,NN
ambassador,0.31318033,NN
ambiguity,0.6568092,NN
ambiguous,0.6257482,JJ
ambition,0.24213658,NN
ambitious,0.60902596,JJ
ambulance,0.66248196,NN
amend,0.3217731,VBP
amendment,0.27830997,NN
amiable,0.5263518,JJ
amicable,0.6385109,JJ
amid,0.6172469,IN
ammunition,0.5820269,NN
amount,0.2870625,NN
ample,0.27186236,JJ
amplification,0.52524155,NN
amplify,0.40823942,NN
amuse,0.21781749,IN
analogy,0.16273057,NN
analysis,0.3517041,NN
analytical,0.6841902,JJ
analyze,0.15899886,NN
ancestor,0.23821127,NN
anchor,0.099462554,NN
anecdote,0.45481777,VBP
angular,0.7730057,JJ
animate,0.21425538,NN
animation,0.25242454,NN
ankle,0.28455183,NN
annex,0.2301861,IN
anniversary,0.45568082,JJ
announce,0.09775143,NN
announcement,0.2221155,NN
announcer,0.3740775,NN
annoy,0.18229748,VBP
annual,0.22116417,JJ
annually,0.28030112,RB
antagonism,0.7821555,VBP
antagonist,0.7802015,JJ
antarctic,0.7307323,JJ
antibiotic,0.6674833,JJ
anticipate,0.64327884,NN
anticipation,0.49575296,NN
antique,0.18708391,NN
antonym,0.7192245,JJ
anxiety,0.21728344,NN
anxious,0.2025286,JJ
anyhow,0.46406773,NN
apart,0.12022754,RB
ape,0.17983921,VBZ
apologize,0.3137008,JJ
apology,0.12200122,NN
apparatus,0.35101295,NN
apparent,0.10827598,JJ
appeal,0.122188784,NN
appendix,0.24801105,JJ
appetite,0.18126872,JJ
applaud,0.2194737,NN
appliance,0.26026782,NN
applicable,0.49624917,JJ
applicant,0.11580035,JJ
application,0.10848271,NN
apply,0.09539052,VB
appoint,0.38367742,JJ
appointment,0.2654546,NN
appreciable,0.74790746,JJ
appreciate,0.37948638,JJ
appreciation,0.6278387,NN
appreciative,0.5895525,JJ
apprentice,0.5702748,NN
approach,0.09463935,NN
appropriate,0.53786016,JJ
approval,0.19359168,NN
approve,0.17265989,VB
approximate,0.5831406,NN
approximately,0.65944016,RB
apt,0.13691038,JJ
aptitude,0.5651673,VBP
arbitrary,0.51909566,JJ
arbitrator,0.7593623,NN
arc,0.14751779,IN
arch,0.13813022,NN
archaeology,0.61680245,NN
architect,0.17492439,JJ
architecture,0.34799367,NN
ardent,0.43529066,NN
arduous,0.7373373,JJ
area,0.17320429,NN
arena,0.20603341,NN
argue,0.10022572,VBP
arise,0.2544647,NN
aristocracy,0.77733195,NN
aristocrat,0.7945253,VBZ
arithmetic,0.581875,JJ
armour,0.21573977,NN
arouse,0.33335972,NN
arrange,0.1708638,NN
arrangement,0.18519315,NN
array,0.22829713,NN
arrest,0.1471107,NN
arrogance,0.13249722,NN
arrogant,0.24277249,JJ
article,0.17172317,NN
artificial,0.2378076,JJ
ascend,0.39401117,NN
ascertain,0.7469432,NN
ascribe,0.52591074,NN
ashamed,0.22434503,VBD
aside,0.33099613,RB
aspect,0.07227134,JJ
aspirin,0.49396625,NN
assassination,0.594708,NN
assault,0.12628496,NN
assemble,0.10859971,JJ
assembly,0.15435998,NN
assert,0.15458563,JJ
assessment,0.18833777,NN
assign,0.17627148,NN
assignment,0.15483242,JJ
assist,0.107772104,NN
assistance,0.16220452,NN
assistant,0.22000234,NN
associate,0.12590666,JJ
association,0.20471683,NN
assorted,0.40393403,VBD
assortment,0.224374,JJ
assume,0.08890701,JJ
assumption,0.12464227,NN
assurance,0.12050742,NN
assure,0.17540601,NN
assured,0.1789571,VBD
astonish,0.38948062,JJ
astound,0.43378952,IN
astray,0.51937836,JJ
astronomer,0.5208054,JJ
astronomical,0.74674237,JJ
astronomy,0.38894343,NN
athlete,0.2240239,JJ
atmosphere,0.2336618,RB
atom,0.29083043,VBP
atomic,0.38195273,JJ
attach,0.11150151,NN
attachment,0.29462022,JJ
attack,0.09779073,NN
attain,0.18356442,NN
attempt,0.10639356,NN
attend,0.09927939,VBP
attendance,0.5866612,NN
attendant,0.42409438,JJ
attention,0.1769441,NN
attentive,0.540504,JJ
attic,0.10100974,JJ
attitude,0.22603424,NN
attorney,0.2722668,NN
attract,0.17656313,NN
attraction,0.37870398,NN
attribute,0.28167483,JJ
auction,0.2156098,NN
audience,0.13734347,NN
auditorium,0.41469413,NN
august,0.24712649,NN
author,0.06399172,NN
authority,0.08904713,NN
authorization,0.6038608,NN
authorize,0.33453757,VB
autobiography,0.6269064,NN
automate,0.4687579,NN
automatic,0.37870762,JJ
automation,0.39364034,NN
automobile,0.42117667,RB
autonomous,0.41133875,JJ
autonomy,0.5322927,NN
auxiliary,0.43168107,JJ
avail,0.26530695,NN
available,0.18317127,JJ
avenge,0.5111066,NN
avenue,0.19050144,NN
average,0.28986225,JJ
aviation,0.2705711,NN
avoid,0.19204843,NN
aware,0.103119336,JJ
awe,0.298283,JJ
awful,0.100185946,JJ
awkward,0.2865535,RB
awkwardly,0.6226305,RB
axis,0.16132204,JJ
axle,0.14794676,NN
bachelor,0.2805309,NN
backbone,0.25361606,NN
backward,0.2176577,NN
bacon,0.12088374,NN
bacterium,0.5719774,NN
badge,0.27997947,NN
badminton,0.66679615,NN
baffle,0.48857364,NN
baggage,0.26082993,NN
bait,0.14176373,JJ
bake,0.057716813,NN
balance,0.12766927,NN
balcony,0.10243031,NN
bald,0.1421984,JJ
ballet,0.35377142,NN
balloon,0.25752494,NN
ballroom,0.2942693,NN
bamboo,0.39460567,NN
band,0.129199,NN
bandage,0.5029496,NN
bang,0.17949064,NN
banker,0.26956165,NN
bankrupt,0.29087564,VBD
banner,0.23020571,NN
banquet,0.3039897,NN
bar,0.09061763,NN
barber,0.3635389,NN
bare,0.13037755,NN
barely,0.17154843,RB
bargain,0.27022338,NN
barge,0.39309213,NN
bark,0.21454018,NN
barn,0.16717906,NN
barometer,0.48770908,NN
baron,0.3376212,NN
barrel,0.2824486,NN
barrier,0.20867878,VBP
baseball,0.16393246,NN
basement,0.11028262,NN
basin,0.36455762,IN
bathe,0.37950447,NN
batter,0.2823181,NN
battery,0.21831472,NN
bay,0.11447209,NN
bazaar,0.48398075,NN
bead,0.14014702,NN
beak,0.24639048,NN
beam,0.3223305,NN
bean,0.199333,NN
bear,0.08836142,IN
beat,0.19054829,NN
become,0.06998442,JJ
beforehand,0.52015674,NN
behalf,0.13515864,NN
behave,0.18880232,VBP
belly,0.11482642,RB
bend,0.109348714,VBP
beneath,0.21801619,JJ
beneficial,0.48300546,JJ
beneficiary,0.5470363,JJ
benefit,0.16430688,NN
benevolent,0.41748783,NN
bent,0.12062823,NN
besides,0.22590943,IN
bestow,0.34827158,JJ
bet,0.06486328,NN
betray,0.44723806,NN
beverage,0.24991968,NN
bewilder,0.754601,NN
bias,0.18560244,VBD
bid,0.13251932,JJ
bill,0.09268222,NN
billion,0.19593066,CD
bind,0.24195212,IN
biographer,0.4889814,NN
biography,0.25504202,NN
biologist,0.32992005,NN
bite,0.16183831,NN
bitter,0.24820584,JJ
bitterness,0.26253805,NN
blacksmith,0.5546578,NN
blade,0.17391875,NN
blame,0.14385428,NN
blank,0.18826583,JJ
blanket,0.21492317,NN
blast,0.2169846,NN
blaze,0.14343171,NN
bleach,0.39025444,NN
bleed,0.15017776,VBD
blend,0.35288575,JJ
bless,0.09117067,NN
blink,0.23349015,NN
block,0.12918337,NN
bloom,0.24699727,NN
blossom,0.34845158,NN
blot,0.19111525,NN
blunder,0.34918913,NN
blunt,0.47519198,NN
blush,0.32072386,NN
board,0.10133351,NN
boast,0.22585736,RB
bodyguard,0.3577225,JJ
boil,0.08515178,NN
bold,0.07576727,JJ
bolt,0.1286287,NN
bond,0.109320536,NN
bonus,0.19895177,NN
bookcase,0.32853913,NN
boom,0.14827025,NN
boost,0.22647065,NN
booth,0.14545345,DT
border,0.14580598,NN
bore,0.15893169,NN
bounce,0.1550451,NN
bound,0.096012145,IN
boundary,0.1387359,JJ
bourgeois,0.590781,NN
bow,0.1028439,NN
bowl,0.13279717,NN
boycott,0.18094397,NN
brace,0.115485474,NN
brain,0.14477378,NN
brake,0.20943487,NN
brand,0.1199312,NN
breach,0.46959108,NN
breadth,0.4863913,JJ
break,0.09677972,NN
breakthrough,0.42295292,IN
breath,0.1841161,NN
breathe,0.45729646,NN
breed,0.15939988,NN
breeze,0.23148523,NN
bribe,0.38528213,NN
bridle,0.43376917,NN
brief,0.14242879,NN
brighten,0.43447897,JJ
brilliance,0.51259434,NN
brilliant,0.61488366,JJ
brim,0.36158466,NN
brink,0.33898354,NN
brisk,0.63985157,JJ
brittle,0.36794955,NN
broadcast,0.20557041,NN
broaden,0.44492137,JJ
brochure,0.45194694,NN
bronze,0.22996762,NN
brood,0.50799906,NN
brook,0.26731315,NN
brown,0.16815999,JJ
bruise,0.2875927,NN
brutal,0.40736791,JJ
brute,0.37692785,NN
bubble,0.23047931,JJ
bucket,0.22767472,NN
bud,0.09440414,NN
budget,0.17388302,NN
buffet,0.32729107,NN
bug,0.15260527,NN
bulb,0.27189484,NN
bulk,0.19468966,NN
bulky,0.37795383,NN
bull,0.13487425,NN
bulletin,0.26328442,NN
bullion,0.72477037,NN
bump,0.15403168,NN
bunch,0.22345683,NN
bundle,0.24317744,JJ
burdensome,0.6971266,JJ
bureaucracy,0.6184951,NN
burial,0.3677261,JJ
bush,0.115176894,NN
business,0.15838306,NN
butcher,0.34605303,NN
butter,0.2935722,NN
butterfly,0.42015526,NN
buzz,0.12551321,NN
bygone,0.81875616,NN
bypass,0.25394258,NN
cab,0.2023546,NN
cabin,0.19363609,NN
cabinet,0.16255043,NN
cable,0.18756914,NN
cafe,0.16684905,JJ
cafeteria,0.4192165,NN
calculate,0.17472501,NN
calculation,0.20998444,NN
calendar,0.25235462,NN
calm,0.1510791,NN
calorie,0.262232,NN
campaign,0.35111836,NN
campus,0.17413637,VBP
canal,0.16886795,JJ
canary,0.6793577,JJ
cancel,0.17581901,NN
cancellation,0.51923954,NN
candid,0.25912303,JJ
candidate,0.2876098,NN
cane,0.09632903,NN
cannon,0.1568927,NN
canon,0.28438064,NN
canteen,0.5293773,JJ
canvas,0.27028796,NN
capability,0.2845806,NN
capable,0.21579981,JJ
capacity,0.24298981,NN
cape,0.17704765,NN
capital,0.17595315,NN
caption,0.14696054,NN
captive,0.13151583,JJ
capture,0.14175542,NN
card,0.18733525,NN
cardinal,0.25792706,JJ
career,0.22442971,NN
careful,0.17914735,JJ
careless,0.24357738,NN
cargo,0.17261474,NN
carol,0.16522361,NN
carpenter,0.5151657,NN
carrier,0.18006589,NN
carrot,0.19453824,NN
carry,0.11761122,VBP
cart,0.17863436,JJ
carton,0.19098571,NN
cartoon,0.28920418,NN
carve,0.2648567,NN
cash,0.30860558,NN
cashier,0.30561894,NN
cassette,0.28510875,NN
cast,0.17444767,VBD
casual,0.11072265,JJ
casualty,0.5027919,NN
catalyst,0.49235728,NN
catastrophe,0.35488483,NN
catch,0.1489958,VBP
category,0.10604017,NN
cater,0.20850383,NN
cathedral,0.3856583,JJ
catholic,0.14144744,NN
cause,0.07560771,NN
caution,0.27536538,NN
cautious,0.49580064,JJ
cavalry,0.26936373,NN
cavern,0.3312729,JJ
cavity,0.22061747,NN
cease,0.1731065,NN
celebrate,0.28124195,NN
cell,0.1659433,NN
cellar,0.30071434,JJ
cement,0.16552125,NN
cemetery,0.31986248,NN
censor,0.07282548,NN
centigrade,0.81837374,NN
cereal,0.2347429,NN
ceremonial,0.7876852,JJ
ceremony,0.427214,NN
certainty,0.090970255,NN
certificate,0.46515995,NN
certify,0.74206996,NN
chalk,0.24034165,NN
challenge,0.21347564,VBP
chamber,0.17197078,NN
champion,0.15112808,NN
championship,0.3038016,NN
channel,0.12602773,NN
chaos,0.16467312,NN
chap,0.21298309,NN
chapter,0.1469434,NN
character,0.10749845,NN
characteristic,0.4765294,JJ
characterize,0.512112,NN
charcoal,0.38975325,NN
charge,0.13754794,NN
charity,0.23472013,NN
charm,0.1419225,VBP
chart,0.08692376,NN
charter,0.19078366,NN
chase,0.20935243,NN
chat,0.13015,WP
check,0.11783503,VBZ
cheer,0.13100041,NN
cheque,0.07405778,NN
cherish,0.23055659,JJ
chew,0.11862334,NN
chief,0.093053035,NN
chill,0.19363268,NN
chilly,0.41080284,RB
chin,0.19314411,JJ
chip,0.112421714,NN
choke,0.19956784,VBD
chop,0.13225089,JJ
chorus,0.19445887,NN
circle,0.12146921,NN
circuit,0.099853426,NN
circular,0.36041796,JJ
circulate,0.62176764,NN
circulation,0.4988123,NN
circumference,0.51481265,NN
circumstance,0.5145411,NN
circus,0.346799,NN
cite,0.116595596,JJ
citizenship,0.34445658,NN
civil,0.14799562,JJ
civilization,0.3271233,NN
claim,0.10377618,NN
clamp,0.3816432,NN
clap,0.2752595,NN
clarification,0.49256647,NN
clarify,0.21225607,VB
clash,0.14557046,JJ
clasp,0.44197407,NN
classic,0.19389203,JJ
classical,0.22845316,JJ
classification,0.5438205,NN
classify,0.17067355,NN
clause,0.1966783,NN
clay,0.30965292,VBD
clear,0.083454855,JJ
clearance,0.24487601,NN
clench,0.5738552,NN
client,0.11215405,NN
clientele,0.7045544,NN
climate,0.119910024,NN
climax,0.18462837,NN
clinic,0.14775474,JJ
clip,0.18143086,NN
clockwise,0.56003857,NN
closet,0.26647747,NN
clue,0.15671211,NN
clumsy,0.41459695,VBP
cluster,0.22683871,NN
clutch,0.25838485,NN
coach,0.25841433,NN
coarse,0.31859753,NN
code,0.19606218,NN
codify,0.6418047,NN
coherence,0.47482166,NN
coherent,0.362525,NN
cohesion,0.4125162,NN
cohesive,0.569625,JJ
coil,0.25032377,NN
coin,0.12404826,NN
coinage,0.6292888,NN
coincide,0.6723716,JJ
coincidence,0.49500826,NN
coincident,0.67310905,NN
collaborate,0.6772949,NN
collaboration,0.57446915,NN
collapse,0.2337973,NN
colleague,0.3868879,NN
collective,0.20801291,JJ
collide,0.5797209,NN
collision,0.44864625,NN
colonel,0.20613208,NN
colonial,0.42584664,NN
colony,0.1708172,NN
column,0.17370966,NN
combat,0.35359612,NN
combination,0.26922324,NN
combine,0.19268283,NN
comedy,0.17992099,NN
comic,0.20416915,JJ
commander,0.22289138,NN
commandment,0.38774425,NN
commemorate,0.78825426,NN
commence,0.4645389,NN
commend,0.22252224,JJ
comment,0.10149437,NN
commerce,0.12955034,NN
commercial,0.13495581,JJ
commission,0.18598759,NN
commit,0.30037746,NN
commitment,0.27223808,JJ
committee,0.31895503,NN
commodity,0.34769744,NN
commonplace,0.69152206,NN
commonsense,0.593866,NN
communicate,0.20532273,NN
communication,0.21739043,NN
community,0.2405648,NN
compact,0.2996165,JJ
companion,0.18163948,NN
company,0.09257632,NN
comparable,0.19541918,JJ
comparative,0.40020868,NN
comparatively,0.6801063,RB
compare,0.11937395,JJ
compass,0.24257274,NN
compatible,0.20959882,JJ
compel,0.37967658,NN
compensate,0.41946006,NN
compensation,0.42976636,NN
compete,0.20823589,VB
competent,0.34813502,JJ
competition,0.15650895,NN
competitive,0.15089703,JJ
competitiveness,0.6284836,NN
competitor,0.44615537,NN
compile,0.10633004,NN
complain,0.15324079,NN
complaint,0.20929009,JJ
complement,0.34890717,NN
complex,0.21658117,JJ
complexity,0.33100566,NN
compliance,0.33421153,NN
complicated,0.38571605,VBD
compliment,0.2503338,JJ
complimentary,0.31371704,JJ
comply,0.27589166,NN
component,0.11765015,NN
compose,0.15905483,JJ
composite,0.3484277,JJ
composition,0.3670283,NN
compound,0.21629685,NN
comprehend,0.39223036,NN
comprehension,0.55103076,NN
comprehensive,0.5251065,JJ
compress,0.24383679,NN
compression,0.27431744,NN
comprise,0.26273406,NN
compromise,0.31195632,NN
compulsory,0.7040953,NN
computation,0.5096243,NN
compute,0.13987194,NN
conceal,0.2627559,NN
concede,0.56623685,VBP
conceit,0.11099007,NN
conceive,0.44253483,JJ
concentrate,0.29744267,NN
concept,0.16980357,NN
conception,0.2993644,NN
concern,0.117470354,NN
concert,0.17165588,NN
concerted,0.4121488,VBD
concession,0.43262976,NN
concise,0.2254799,NN
conclude,0.26360163,VBP
conclusive,0.5804827,JJ
concrete,0.5892495,JJ
concurrent,0.62033135,NN
condemn,0.23025955,NN
condemnation,0.556495,NN
condensation,0.6662607,NN
condense,0.2443871,NN
condenser,0.7465465,NN
condition,0.15906373,NN
conduct,0.09262216,NN
conductor,0.19791932,NN
cone,0.12585315,NN
confer,0.39274973,NN
conference,0.16495144,NN
confess,0.3138787,NN
confession,0.20877895,NN
confide,0.32122394,NN
confidence,0.33975837,NN
confident,0.26113054,JJ
confidential,0.3044184,JJ
confine,0.3065033,NN
confinement,0.48278436,NN
confirm,0.14155598,NN
confirmation,0.3067699,NN
conflict,0.107706755,NN
conform,0.1285407,NN
conformity,0.59261894,NN
confront,0.3344669,NN
confrontation,0.6875667,NN
confuse,0.19616568,NN
confusion,0.24133088,NN
congestion,0.5359763,NN
congratulation,0.6288181,NN
congress,0.1545691,NN
congressman,0.34769464,NN
conjunction,0.5152248,NN
connect,0.061677147,JJ
connection,0.13050227,NN
conquer,0.28964102,NN
conquest,0.1938851,NN
conscience,0.34333393,NN
conscientious,0.8496732,JJ
conscious,0.27559844,JJ
consciousness,0.4758536,NN
consecutive,0.5678412,JJ
consent,0.1669355,NN
consequence,0.23605148,NN
consequently,0.41267928,RB
conservation,0.34038287,NN
conservative,0.5454606,JJ
considerable,0.29212627,JJ
considerably,0.32037377,RB
considerate,0.44242108,JJ
consideration,0.3338906,NN
consign,0.62990695,NN
consist,0.20725791,JJ
consistency,0.618274,NN
consistent,0.24066888,JJ
console,0.22755803,NN
consolidate,0.7430189,NN
consonant,0.7012806,NN
conspicuous,0.705209,JJ
conspiracy,0.27273962,NN
constant,0.23645243,JJ
constantly,0.3131231,RB
constituent,0.66770464,JJ
constitute,0.30829778,NN
constitution,0.29711968,NN
constraint,0.54781985,NN
construct,0.15943462,NN
construction,0.17553715,NN
consult,0.08126939,NN
consultant,0.26099712,NN
consume,0.18140659,JJ
consumer,0.22529532,NN
consumption,0.28358966,NN
contact,0.079979345,NN
contain,0.09722491,NN
container,0.15491779,NN
contemplate,0.5914957,JJ
contemplation,0.7174906,NN
contemporary,0.1796677,JJ
contempt,0.104321234,NN
contemptuous,0.8121868,JJ
content,0.1367457,NN
contest,0.15631783,NN
context,0.14213459,NN
continent,0.2501473,NN
continental,0.4230088,JJ
contingency,0.524964,NN
contract,0.14728037,NN
contradict,0.5166781,JJ
contradiction,0.6770106,NN
contrary,0.31244558,JJ
contrast,0.28587678,NN
contribute,0.23105213,JJ
contribution,0.2909695,NN
controversial,0.5026065,JJ
controversy,0.32656187,NN
convenience,0.3605281,NN
convenient,0.28031802,NN
convention,0.121498354,NN
conventional,0.39956954,JJ
conversant,0.45534906,JJ
conversation,0.32299554,NN
converse,0.26710507,NN
conversely,0.4165754,RB
conversion,0.25905442,NN
convert,0.11413418,NN
convey,0.22489016,NN
conveyance,0.7874897,NN
convict,0.076937094,NN
conviction,0.16526848,NN
convince,0.076135546,NN
convinced,0.12675287,VBD
cooperate,0.49408484,JJ
cooperation,0.36506143,NN
cooperative,0.5620495,JJ
coordinate,0.2927575,NN
coordination,0.32297406,NN
cordial,0.25803497,NN
core,0.2858699,NN
cork,0.27488336,NN
corn,0.17524843,NN
corner,0.2437013,NN
corporate,0.22223347,JJ
corporation,0.1908268,NN
correlate,0.57853776,NN
correlation,0.38354164,NN
correspond,0.27606738,NN
correspondence,0.37784323,NN
correspondent,0.40545952,NN
corrode,0.539051,JJ
corrosion,0.44155717,NN
corrupt,0.15461068,JJ
corruption,0.2863925,NN
cosmic,0.17354585,JJ
cosmopolitan,0.6318422,NN
cosmos,0.41358352,NN
couch,0.14239039,JJ
counsel,0.12893118,NN
countenance,0.2233932,NN
counter,0.18097246,NN
countermand,0.8953638,VBP
counterpart,0.26709124,NN
countless,0.13843404,JJ
couple,0.15438534,JJ
court,0.15422699,NN
courteous,0.43586653,JJ
courtesy,0.25552526,NN
cover,0.17526601,NN
coverage,0.24062419,NN
coward,0.16359495,JJ
crab,0.3241505,NN
crack,0.23225133,NN
cradle,0.33501506,NN
craft,0.20640853,NN
crash,0.15809552,NN
crate,0.2629736,NN
crave,0.21675308,VBP
crazy,0.16894619,JJ
create,0.10356249,NN
creation,0.0630129,NN
credit,0.078857794,NN
creek,0.35485157,JJ
creep,0.17602506,NN
crew,0.11552218,NN
cricket,0.52094835,NN
criminal,0.12454914,JJ
crimson,0.11806142,NN
cripple,0.21887085,NN
crisis,0.15321651,NN
crisp,0.19765963,NN
critical,0.13187225,JJ
crook,0.26923585,NN
crooked,0.5908163,VBD
crop,0.18824413,NN
crouch,0.28734586,JJ
crown,0.11237114,JJ
crude,0.3138317,NN
cruise,0.17450975,NN
crumb,0.23750661,NN
crumble,0.37892997,JJ
crush,0.12502475,NN
crust,0.11133284,NN
crystal,0.17471346,NN
cube,0.11089642,NN
cubic,0.38205767,JJ
cubism,0.8534094,NN
cucumber,0.72192025,NN
cultivate,0.6618331,NN
cultivation,0.7317606,NN
culture,0.12996162,NN
cupboard,0.337331,NN
curb,0.22364406,NN
cure,0.24258083,NN
curiosity,0.42236015,NN
curious,0.1756111,JJ
curl,0.16416752,NN
currency,0.3433952,NN
current,0.08558351,JJ
currently,0.19762231,RB
curse,0.17235121,VBP
curtail,0.5223306,NN
curve,0.14788114,NN
cushion,0.21314351,NN
custody,0.21581362,NN
custom,0.0739035,NN
customary,0.46172568,JJ
customer,0.108744055,NN
cycle,0.19628161,NN
dagger,0.21623074,NN
dainty,0.56189287,NN
dairy,0.3090064,NN
dam,0.08966024,NN
damp,0.2638716,VBP
dangerous,0.26686257,JJ
dart,0.14691459,NN
dash,0.18193814,NN
date,0.102127425,NN
dawn,0.25878155,NN
dazzle,0.3971916,NN
deadly,0.20327386,RB
deaf,0.19886242,JJ
deal,0.12062163,NN
dean,0.17588732,JJ
debate,0.08632833,NN
debt,0.24747264,NN
decade,0.08509861,NN
decay,0.087786525,NN
deceit,0.31656393,NN
deceive,0.31458363,JJ
decent,0.19715655,JJ
deception,0.2775779,NN
decimal,0.22085272,JJ
deck,0.15998656,NN
declaration,0.3361745,NN
declare,0.10120057,NN
decline,0.22471692,NN
decompose,0.7131646,JJ
decorate,0.6140316,JJ
decoration,0.54159975,NN
decorative,0.712976,JJ
decrease,0.14612672,NN
decree,0.59664774,JJ
dedicate,0.36733773,NN
deduce,0.5513641,NN
deduct,0.30204564,NN
deed,0.14637873,NN
deem,0.59440035,VBP
default,0.25992143,NN
defeat,0.13745338,NN
defect,0.27229556,VBP
defective,0.4795034,JJ
defence,0.29853466,NN
defend,0.08845709,NN
defer,0.57576364,NN
defiance,0.5625119,NN
deficiency,0.46879372,NN
deficient,0.36826316,NN
deficit,0.34115207,NN
define,0.15347616,NN
definite,0.10476592,NN
definitely,0.12619162,RB
definition,0.20275533,JJ
definitive,0.28350413,JJ
deflate,0.5753867,NN
deflect,0.35821363,NN
deform,0.377946,NN
deformation,0.80102456,NN
defray,0.62895244,NN
defy,0.4742892,NN
degradation,0.6645466,NN
degrade,0.26175585,VBD
delay,0.20197025,NN
delegate,0.5884916,NN
delete,0.27691275,JJ
deliberate,0.41700178,NN
deliberately,0.5939096,RB
delicate,0.3131234,JJ
delicious,0.33591694,JJ
delinquency,0.6166157,NN
delinquent,0.4100472,NN
deliver,0.17559989,NN
delusion,0.2840073,NN
democracy,0.1289952,NN
demolish,0.36928412,JJ
demolition,0.4111508,NN
demonstrate,0.20774043,NN
demonstration,0.4339833,NN
denial,0.15704304,JJ
denomination,0.77106047,NN
denote,0.32355946,NN
denounce,0.48842126,NN
dense,0.2069171,NN
density,0.30346638,NN
dent,0.15816376,NN
dentist,0.23484692,NN
deny,0.13261248,VBP
depart,0.093651794,JJ
departure,0.29764506,NN
dependable,0.5951668,JJ
dependence,0.1956477,NN
dependent,0.31302646,JJ
depict,0.44413242,NN
deplete,0.74056226,JJ
deposit,0.20583141,NN
deposition,0.65813154,NN
depreciate,0.8675323,NN
depreciation,0.8241504,NN
depress,0.37230784,NN
depressed,0.26929832,VBD
depression,0.39545625,NN
deprive,0.34998056,JJ
deputy,0.26163924,NN
derive,0.2916136,JJ
descend,0.16311438,NN
descendant,0.28271872,JJ
descent,0.08707092,NN
description,0.17404358,NN
desert,0.29863468,NN
deserve,0.13106112,NN
design,0.102167174,NN
designate,0.65483296,NN
desirable,0.23156646,JJ
desire,0.13017629,NN
desolate,0.80878806,NN
despair,0.37509558,NN
desperate,0.38860178,JJ
despise,0.4550421,NN
despite,0.24670531,IN
dessert,0.38946676,JJ
destination,0.44330758,NN
destine,0.5415442,NN
destiny,0.09249668,JJ
destruction,0.16379651,NN
destructive,0.29402032,JJ
detach,0.1765633,NN
detain,0.11448713,NN
detect,0.105387956,JJ
detection,0.3694659,NN
detective,0.33328122,JJ
deteriorate,0.69355285,NN
determination,0.63748413,NN
determine,0.32453823,VB
detour,0.60515976,JJ
detriment,0.7104308,NN
detrimental,0.7718438,JJ
deviate,0.46489078,NN
device,0.2073189,NN
devise,0.22039534,NN
devote,0.21697174,NN
devotion,0.5337505,NN
devour,0.43983206,NN
diagnose,0.38220215,JJ
diagnosis,0.31243426,NN
diagram,0.2596903,NN
dialect,0.3242828,VBP
diameter,0.2234063,NN
dictate,0.39621451,NN
dictator,0.34796235,NN
diction,0.12649268,NN
diet,0.086322404,JJ
differ,0.1690219,NN
digest,0.1297487,JJS
digestion,0.28210008,NN
digital,0.14273027,JJ
dignity,0.28022847,NN
diligent,0.37068456,NN
dilute,0.28230524,NN
dim,0.10967194,NN
dime,0.08360853,NN
dimension,0.21974528,NN
dimensional,0.5341979,JJ
diminish,0.27932426,JJ
dine,0.32560644,NN
dingy,0.74461484,NN
dip,0.101489566,NN
diploma,0.2853241,NN
diplomacy,0.2642302,NN
diplomat,0.16629645,VBZ
diplomatic,0.32070625,JJ
disable,0.1987233,JJ
disadvantage,0.40813294,NN
disappointment,0.44497573,NN
disapproval,0.4705699,JJ
disaster,0.2823761,NN
disastrous,0.4829153,JJ
disc,0.05944243,NN
discard,0.2346006,NN
discern,0.37749943,JJ
discharge,0.3601547,NN
discipline,0.24994595,NN
disclose,0.5200337,VB
discomfort,0.36836216,NN
discount,0.1983196,NN
discourage,0.20931202,NN
discourse,0.45900765,JJ
discreet,0.3521549,NN
discrepancy,0.6116546,NN
discretion,0.4259933,NN
discriminate,0.57288533,NN
disdain,0.46538678,NN
disgrace,0.34745008,NN
disguise,0.25178418,NN
disgust,0.15110861,NN
disinfectant,0.8239067,JJ
dismal,0.20505446,JJ
dismay,0.22693469,NN
dismiss,0.27789697,NN
disorder,0.22395372,NN
disparity,0.48370168,NN
dispatch,0.2671056,NN
dispel,0.50134265,NN
dispense,0.35358825,NN
disperse,0.6252876,NN
displace,0.45449063,NN
displacement,0.443484,NN
display,0.14643633,NN
dispose,0.21887225,NN
disposed,0.3004063,JJ
disposition,0.4255117,NN
dispute,0.19579814,NN
disregard,0.47093654,NN
dissimilar,0.80666363,JJ
dissipate,0.74739254,NN
dissolve,0.17534803,NN
distance,0.1405948,NN
distant,0.26230097,JJ
distinct,0.27104867,JJ
distinction,0.31496653,NN
distinctly,0.5132467,RB
distinguish,0.35209456,JJ
distort,0.19044839,NN
distortion,0.44844335,NN
distract,0.4086185,NN
distraction,0.37934488,NN
distress,0.24867415,NN
distribute,0.25789744,JJ
distribution,0.2964731,NN
district,0.228565,NN
disturb,0.27441016,NN
disturbance,0.3708132,NN
ditch,0.2845839,NN
dive,0.19385825,NN
diver,0.24884956,NN
diverge,0.40677047,NN
divergence,0.5862967,NN
diverse,0.16021287,JJ
diversion,0.38752863,NN
diversity,0.32645315,NN
divert,0.39378944,NN
divide,0.20102389,NN
divine,0.217398,NN
division,0.26091677,NN
divorce,0.23012751,NN
dizzy,0.19962218,NN
dock,0.20749323,NN
doctrine,0.3356022,NN
document,0.08147523,NN
documentary,0.19093563,JJ
documentation,0.35348025,NN
dodge,0.18274072,NN
doll,0.23647232,NN
domain,0.11979342,VBP
dome,0.18894374,JJ
domestic,0.2452164,JJ
dominant,0.26073954,JJ
dominate,0.32306516,NN
donate,0.23944513,NN
donation,0.22786714,NN
doom,0.17955036,NN
dormitory,0.6357584,NN
dose,0.15681382,JJ
dot,0.18449272,JJ
doubt,0.12682603,NN
doubtful,0.61328596,JJ
doubtless,0.3430598,NN
downtown,0.24854572,NN
doze,0.31901506,NN
draft,0.16663694,NN
drag,0.11998406,NN
drain,0.10197123,NN
drainage,0.79022455,NN
drama,0.18480861,NN
dramatic,0.21492866,JJ
dramatize,0.8088848,JJ
drastic,0.4520598,JJ
draw,0.06810151,NN
drawback,0.1821761,NN
drawer,0.21842605,NN
dread,0.24781772,JJ
dreadful,0.47987482,JJ
dreary,0.55750906,JJ
drench,0.41541508,NN
drift,0.35658482,NN
drill,0.23496938,VB
drip,0.13202083,JJ
drought,0.4629498,NN
drown,0.18114182,RB
dubious,0.41761553,JJ
due,0.11612864,JJ
dull,0.37703103,NN
duly,0.06869667,NN
dumb,0.13516167,JJ
dump,0.09947408,NN
duplicate,0.41327167,NN
durable,0.33687994,JJ
duration,0.30436555,NN
dwarf,0.1342566,NN
dwell,0.30362466,VBP
dweller,0.44761235,NN
dye,0.2360643,JJ
dynamic,0.25749192,JJ
eager,0.12090438,JJ
earnest,0.30095905,JJS
earthquake,0.18697366,NN
ease,0.09458854,NN
eccentric,0.7595775,JJ
eccentricity,0.858006,NN
echo,0.11930588,VBP
eclipse,0.28964418,NN
ecology,0.2481511,NN
economic,0.17155072,JJ
economical,0.21049035,JJ
economize,0.78771234,VBP
economy,0.059289843,NN
ecstasy,0.42711487,JJ
edge,0.06914106,NN
edit,0.066773176,NN
edition,0.111618415,NN
editorial,0.1930006,NN
education,0.15692252,NN
effective,0.19628184,JJ
effectiveness,0.69665676,NN
efficiency,0.21375018,NN
efficient,0.15260611,JJ
effort,0.073101856,NN
eject,0.365015,VBP
elaborate,0.51426107,JJ
elaboration,0.66445524,NN
elapse,0.41305068,NN
elastic,0.2208119,JJ
elasticity,0.7879187,NN
elbow,0.19387102,NN
election,0.12243301,NN
electrical,0.3072962,JJ
electrician,0.78455794,JJ
electron,0.19107705,NN
electronic,0.26198292,JJ
elegance,0.52375954,NN
elegant,0.24991444,JJ
element,0.039910145,NN
elementary,0.118218996,JJ
elevate,0.38420036,NN
elevation,0.57057387,NN
elevator,0.4008062,NN
eliminate,0.38908908,VB
elimination,0.43385848,NN
ellipsis,0.34507167,NN
elliptical,0.69187874,JJ
eloquence,0.5944674,NN
eloquent,0.42875105,JJ
elusive,0.37258083,JJ
emancipate,0.89350784,NN
emancipation,0.84312534,NN
embargo,0.28815463,NN
embark,0.4846966,NN
embarrass,0.31671906,NN
embassy,0.15354638,NN
embody,0.43241262,NN
embrace,0.29000595,NN
embroider,0.63575965,NN
embroidery,0.6931774,NN
emerge,0.10622315,NN
emergency,0.18728217,NN
emigrant,0.83066964,JJ
emigrate,0.7615278,NN
eminent,0.4979548,NN
emission,0.53067535,NN
emit,0.38822898,NN
emotion,0.15793027,NN
emotional,0.15055163,JJ
emphasis,0.28633282,NN
emphasize,0.23830861,VB
empirical,0.46610618,JJ
employ,0.14878033,NN
employee,0.12816288,NN
employer,0.14247307,NN
employment,0.25992578,NN
empty,0.18247376,NN
enable,0.11758576,JJ
enchant,0.20397164,JJ
encircle,0.8231426,NN
enclose,0.17301154,JJ
enclosure,0.21992762,NN
encounter,0.17649923,NN
encourage,0.23057961,NN
endanger,0.41866484,NN
endeavor,0.25983927,NN
endless,0.18309604,JJ
endorse,0.19193737,JJ
endorsement,0.2755283,NN
endow,0.6548504,NN
endurance,0.26457906,NN
endure,0.1868268,NN
energetic,0.42106962,JJ
energy,0.16017097,NN
enforce,0.27557388,NN
engage,0.071270585,VB
engagement,0.24281657,JJ
engrave,0.52659583,NN
engulf,0.6699314,JJ
enhance,0.11841832,NN
enhancement,0.26577246,NN
enlighten,0.2606835,RB
enormous,0.34677488,JJ
enquire,0.35094583,NN
enquiry,0.5189093,NN
enrich,0.6431246,JJ
enroll,0.1744913,NN
enrolment,0.81720734,JJ
ensure,0.17546943,VB
entail,0.2831207,JJ
enterprise,0.2840336,NN
entertain,0.38147327,NN
entertainment,0.43172958,NN
enthusiasm,0.54832536,NN
enthusiastic,0.70518935,JJ
entitle,0.4366733,JJ
entrance,0.38420805,NN
entreat,0.82423097,NN
entrust,0.69637275,JJ
entry,0.15003285,NN
enumerate,0.84533674,NN
envelop,0.46116915,NN
environment,0.42401278,NN
envy,0.25664082,NN
epidemic,0.47593126,JJ
episode,0.15551315,NN
epoch,0.33233273,VBP
equal,0.07080256,JJ
equality,0.27456507,NN
equation,0.24299975,NN
equator,0.24004716,NN
equilibrium,0.4075987,NN
equip,0.35415548,JJ
equipment,0.20688598,NN
equivalent,0.19551517,JJ
eradicate,0.77731043,NN
erase,0.1440583,NN
erect,0.3486151,JJ
erosion,0.507286,NN
errand,0.6272806,NN
erupt,0.5168708,JJ
eruption,0.70565325,NN
escalator,0.5520255,NN
escape,0.1272937,NN
escort,0.22160825,NN
essay,0.21598116,VBP
essence,0.23731703,NN
essential,0.09285146,JJ
establish,0.24117295,VB
establishment,0.36915964,JJ
estate,0.11213019,NN
esteem,0.104494214,VBP
estimate,0.22458896,NN
eternal,0.2178022,JJ
evaluate,0.2580945,NN
evaporate,0.5171464,NN
evaporation,0.3981126,NN
eventful,0.75661236,JJ
eventually,0.21836524,RB
evidence,0.16938779,NN
evident,0.18805026,JJ
evolution,0.2247604,NN
evolve,0.22150274,FW
exact,0.21574824,JJ
exaggerate,0.41993642,JJ
exaggeration,0.4340614,NN
exalt,0.22761266,NN
exalted,0.24819595,VBD
exasperate,0.7625238,JJ
exceed,0.17574963,NN
exceedingly,0.5336379,RB
excel,0.13464978,JJ
excellent,0.18877676,JJ
exception,0.19224757,NN
exceptional,0.25483093,JJ
excess,0.1546714,NN
excessive,0.30060932,JJ
exchange,0.09646109,NN
excite,0.1271521,JJ
excitement,0.28000262,NN
exclaim,0.40542373,JJ
exclude,0.11782918,JJ
exclusion,0.30548742,NN
exclusive,0.2550323,JJ
exclusively,0.53233415,RB
excursion,0.30800664,NN
excuse,0.11937974,IN
execute,0.14046834,JJ
execution,0.22529173,NN
executive,0.29732138,NN
exemplify,0.7287685,VB
exempt,0.29518175,JJ
exert,0.4723469,JJ
exertion,0.60588765,NN
exhaust,0.15812945,RB
exhaustion,0.2875428,NN
exhaustive,0.63146365,JJ
exhibit,0.19266114,NN
exhibition,0.26067454,NN
exile,0.17751852,IN
exit,0.097018026,NN
exonerate,0.7985687,NN
expand,0.16686271,NN
expansion,0.28728092,NN
expedient,0.8089424,NN
expedite,0.5898511,JJ
expedition,0.52592,NN
expel,0.2266785,FW
expend,0.24958596,VBP
expenditure,0.3907942,NN
expert,0.21235523,JJ
expertise,0.41903487,NN
expiration,0.3544506,NN
expire,0.08275838,NN
explicit,0.18117714,NN
explode,0.16204308,NN
exploit,0.2643141,JJ
exploitation,0.7216212,NN
exploration,0.528307,NN
explore,0.11912351,IN
explorer,0.22655366,NN
explosive,0.29662147,JJ
export,0.26273766,NN
expose,0.20326458,JJ
exposition,0.686984,NN
exposure,0.13850486,NN
expressive,0.44250113,JJ
expressly,0.6012789,RB
exquisite,0.6843331,JJ
extend,0.13669528,VBP
extension,0.24054018,NN
extensive,0.2634214,JJ
extent,0.13390052,NN
exterior,0.3349876,JJ
external,0.19246528,JJ
extinct,0.15646891,JJ
extinction,0.4360953,NN
extinguish,0.7902253,JJ
extra,0.15167604,JJ
extract,0.18322775,NN
extraordinary,0.7570062,JJ
extravagant,0.78594255,JJ
extreme,0.11021503,NN
eye,0.29772764,NN
fabric,0.2833738,NN
fabricate,0.50183505,JJ
face,0.054782275,NN
facilitate,0.6218516,VBP
facility,0.14019696,NN
faction,0.38540047,NN
factor,0.09891815,NN
fade,0.24826479,VBD
faint,0.1666272,JJ
fairly,0.25278598,RB
fairy,0.10282158,JJ
faith,0.11211105,NN
faithful,0.16200674,JJ
fake,0.17694901,JJ
fall,0.18834147,NN
fame,0.07556707,NN
familiar,0.18847266,JJ
familiarity,0.44838816,NN
famine,0.33599967,NN
fanatic,0.4143783,JJ
fancy,0.30462173,NN
fantastic,0.28816134,JJ
fare,0.13099197,NN
farewell,0.3275676,NN
fascinate,0.70648026,JJ
fascination,0.49012098,NN
fashion,0.18110152,NN
fashionable,0.51001936,JJ
fasten,0.3846724,JJ
fatal,0.32357955,JJ
fathom,0.6039813,NN
fatigue,0.389195,NN
fault,0.18740389,NN
favorable,0.22996873,JJ
feasible,0.21333997,JJ
feast,0.3324884,NN
feat,0.17772256,NN
feature,0.079413496,JJ
federal,0.14616027,JJ
federation,0.37845847,NN
fee,0.12964341,NN
feeble,0.33283094,JJ
feed,0.0939506,NN
feedback,0.23013897,NN
fell,0.1874061,VBD
fellowship,0.3975875,JJ
female,0.10128831,RB
ferocious,0.83171827,JJ
ferry,0.36353865,NN
fertile,0.30075082,JJ
fertilizer,0.55273086,NN
fervent,0.55167854,NN
festival,0.1560204,NN
fetch,0.4055643,NN
feud,0.4409421,NN
fiber,0.37939984,NN
fiction,0.12119252,NN
fictional,0.22297642,JJ
fierce,0.29548344,NN
fig,0.20998394,JJ
figurative,0.7350836,JJ
figure,0.11190011,NN
file,0.20181079,NN
filter,0.18629566,NN
filth,0.37450105,NN
filthy,0.36917907,JJ
final,0.21580105,JJ
finance,0.22556934,NN
financial,0.27985263,JJ
financing,0.36657694,NN
finite,0.17090191,NN
fir,0.12800758,JJ
firm,0.10680459,NN
fishery,0.27339408,NN
fist,0.3691824,NN
fit,0.13630559,JJ
fitness,0.15868095,NN
fixed,0.123645686,JJ
fixture,0.28657934,NN
flag,0.2761243,NN
flake,0.4806876,NN
flame,0.08566459,NN
flap,0.19673792,NN
flare,0.20666668,NN
flash,0.13150048,JJ
flask,0.44940716,NN
flatter,0.20407513,NN
flavor,0.14720997,NN
flaw,0.12806812,NN
flee,0.23255958,NN
fleece,0.6795111,JJ
fleet,0.20787518,NN
flesh,0.09710299,JJ
flexibility,0.27439904,NN
flexible,0.14941168,JJ
flicker,0.50494784,NN
float,0.17925908,NN
flock,0.33307835,RB
flour,0.30164325,JJ
flourish,0.3603018,JJ
fluctuate,0.7329796,NN
fluctuation,0.6568862,NN
fluency,0.4976815,NN
fluent,0.21078663,NN
flush,0.16840547,NN
flutter,0.4805171,NN
flux,0.2536825,NN
foam,0.29641148,NN
focus,0.079624146,NN
fodder,0.5470888,NN
foe,0.11731394,NN
fog,0.1991292,NN
foggy,0.55165297,JJ
fold,0.098375425,JJ
foliage,0.4410673,NN
foolish,0.13529554,JJ
forbid,0.28209436,NN
forecast,0.3095357,NN
forefather,0.52923024,NN
foremost,0.33695126,VBD
foresee,0.6730669,NN
foretell,0.7891902,NN
forge,0.2299117,NN
forgery,0.36838317,RB
forgive,0.09926845,JJ
formal,0.13843821,JJ
formality,0.39548498,NN
format,0.09565468,NN
formation,0.2164039,NN
former,0.2173558,JJ
formerly,0.25921947,RB
formidable,0.794785,JJ
formula,0.1714815,NN
formulate,0.58096963,NN
forsake,0.4200418,NN
fort,0.15022708,NN
fortitude,0.58657974,JJ
fortnight,0.7548957,JJ
fortress,0.43321937,NN
fortunate,0.31207785,NN
fortune,0.2542338,NN
forum,0.19993399,VBZ
forward,0.1257058,RB
fossil,0.40747547,JJ
foster,0.20242582,NN
foul,0.2557156,NN
found,0.09862447,VBD
foundation,0.24880391,NN
founder,0.40369385,NN
fountain,0.19506198,NN
fraction,0.2981156,NN
fracture,0.35151973,NN
fragile,0.23192053,JJ
fragment,0.15280327,JJ
fragrance,0.2710106,NN
fragrant,0.31882858,JJ
frail,0.42828178,NN
frame,0.11666381,NN
framework,0.2040822,NN
franchise,0.4186826,NN
frank,0.14885172,NN
freight,0.4558923,NN
fret,0.47808966,JJ
friction,0.5975179,NN
fringe,0.32428488,NN
frontier,0.26423958,NN
frost,0.1627531,VBD
frown,0.12199664,JJ
frugal,0.64718896,JJ
fruitful,0.37311703,JJ
frustrate,0.45497862,NN
frustration,0.3419434,NN
fuel,0.17430747,NN
fulfil,0.5519582,NN
full,0.14168996,JJ
fumble,0.47431865,JJ
function,0.1311047,NN
functional,0.41476873,JJ
fund,0.101693906,NN
fundamental,0.24450113,JJ
funeral,0.13260528,JJ
furious,0.15032879,JJ
furnace,0.377348,NN
furnish,0.39243907,JJ
furniture,0.29711664,NN
furrow,0.5760174,NN
furthermore,0.24361339,RB
fury,0.28835738,NN
fuse,0.20011926,NN
fuss,0.30114737,JJ
fussy,0.36948556,JJ
gale,0.25204432,NN
gallery,0.19122232,NN
gallop,0.615144,NN
gamble,0.3147193,JJ
gang,0.25414318,NN
gaol,0.118851915,NN
gap,0.30216876,NN
garbage,0.23202185,NN
garment,0.07372806,NN
gasoline,0.18960977,NN
gauge,0.24679844,NN
gaze,0.24661615,NN
gear,0.17365298,VBP
gem,0.12919395,NN
generalization,0.39009455,NN
generalize,0.31344467,VB
generate,0.2007261,JJ
generation,0.19400857,NN
generator,0.12107558,NN
generosity,0.34216666,NN
generous,0.27392697,JJ
genius,0.1681213,NN
gentle,0.15866584,JJ
genuine,0.24678975,JJ
geology,0.17282446,NN
geometry,0.28273743,NN
germ,0.2304623,JJ
gesture,0.34712288,NN
giant,0.14499326,NN
gigantic,0.2954703,JJ
giggle,0.16452004,NN
ginger,0.14142476,NN
glare,0.20394975,NN
glassware,0.42511278,NN
gleam,0.6000467,NN
glide,0.20015725,NN
glimpse,0.31939027,NN
glisten,0.5856841,VBP
glitter,0.38736352,NN
global,0.17388624,JJ
globe,0.22826241,NN
gloom,0.16531782,NN
gloomy,0.39425656,JJ
glorify,0.32270005,VBP
glorious,0.3238138,JJ
glossary,0.23006652,JJ
glow,0.16783603,NN
glue,0.30101463,NN
glut,0.3802195,NN
gnaw,0.56183445,NN
goal,0.12934716,NN
goat,0.325934,NN
gorge,0.22182615,NN
gorgeous,0.56647384,JJ
gossip,0.24859737,NN
govern,0.42398545,JJ
governor,0.29315573,NN
gown,0.30009547,NN
grab,0.111893535,VBD
grace,0.1543258,NN
graceful,0.17893118,NN
gracious,0.26388916,JJ
grade,0.18984245,NN
gradual,0.3356868,JJ
graduate,0.15624629,NN
grand,0.121704325,JJ
granite,0.25470126,NN
grant,0.18527165,NN
graph,0.110856675,NN
grasp,0.20326442,NN
grasshopper,0.42281282,NN
grateful,0.27956903,JJ
gratify,0.6629338,NN
gratis,0.5680396,NN
gratitude,0.58904266,NN
grave,0.14116408,VBP
gravel,0.29740345,NN
gravity,0.14237238,NN
graze,0.36620536,NN
grease,0.3010542,NN
greedy,0.20724046,NN
greenhouse,0.52049744,NN
grief,0.18402524,NN
grieve,0.21973126,VBP
grim,0.47866434,JJ
grin,0.29755408,NN
grind,0.1135448,NN
grip,0.17915784,NN
groan,0.27501014,NN
groove,0.23269127,VBP
grope,0.63418484,NN
gross,0.11875879,JJ
ground,0.1670329,NN
grove,0.21574472,VBD
growl,0.22745022,NN
grudge,0.38340127,NN
grumble,0.42802024,JJ
guarantee,0.2514076,NN
guardian,0.21199714,JJ
guess,0.088484325,NN
guilt,0.11989918,NN
guilty,0.19407296,JJ
gulf,0.12769106,NN
gulp,0.21313417,NN
gust,0.38221508,VBP
gutter,0.6111577,NN
gymnasium,0.57789934,NN
habit,0.30826238,VBP
haggard,0.5650712,JJ
haggle,0.49399728,NN
hail,0.2891236,NN
hairy,0.21205172,NN
hallmark,0.2958453,NN
halt,0.18826418,NN
ham,0.10848931,JJ
hamburger,0.49631047,NN
hamper,0.48775956,NN
handbook,0.3468258,NN
handful,0.49752742,JJ
handicap,0.32646322,NN
handle,0.15432803,JJ
handsome,0.41880378,JJ
handy,0.19966002,JJ
hang,0.14743486,NN
hanger,0.16666,NN
haphazard,0.75968146,NN
harbor,0.3224495,NN
harden,0.17801319,NN
hardware,0.113519356,NN
hardy,0.14106368,JJ
harmful,0.35649702,JJ
harmless,0.40783596,NN
harmonious,0.7875299,JJ
harmony,0.18529585,NN
harness,0.46486434,NN
harsh,0.34497687,JJ
harvest,0.29293868,NN
haste,0.27753615,NN
hasten,0.5941432,VBD
hasty,0.4063458,JJ
hatch,0.26878482,NN
haughty,0.28291255,NN
haul,0.3870528,NN
haunt,0.27511105,NN
hawk,0.26483938,NN
hay,0.1169627,NN
hazard,0.11418722,NN
headlong,0.66396254,JJ
heal,0.087861724,NN
heap,0.1038268,NN
hearing,0.22100209,NN
heave,0.076293655,VB
hedge,0.23455153,NN
hedgehog,0.50512916,NN
heed,0.525216,VBD
heighten,0.60408306,VB
heir,0.3427871,PRP$
heiress,0.58948904,NN
helicopter,0.2946777,NN
hell,0.1804726,NN
helmet,0.16190079,VBD
helpful,0.1561148,JJ
helpless,0.17734309,NN
hemisphere,0.37093607,EX
hence,0.25733262,RB
henceforth,0.6254239,NN
herald,0.26449317,JJ
herb,0.13207898,NN
herd,0.20094314,NN
hesitant,0.47623342,NN
hesitate,0.31243333,NN
hide,0.1317927,NN
hideous,0.38041368,JJ
hijack,0.6051859,NN
hike,0.1406051,NN
hinder,0.31630313,NN
hindrance,0.7349269,NN
hinge,0.28126568,NN
hint,0.101891704,NN
hinterland,0.7792764,NN
hiss,0.1172982,JJ
historian,0.17264718,JJ
historic,0.17314795,NN
hitchhike,0.8785469,NN
hitherto,0.72824526,NN
hoarse,0.49545944,NN
hobby,0.17591769,NN
hoe,0.29487664,NN
hoist,0.39270818,NN
hold,0.09858352,VBP
hollow,0.1857199,NN
homely,0.29366794,RB
homesick,0.37216735,JJ
hook,0.14394237,NN
hop,0.047131628,NN
horizon,0.15439948,NN
horizontal,0.17484713,JJ
horn,0.1537727,NN
horrible,0.15250565,JJ
horror,0.08232491,NN
hose,0.15317976,NN
hospitable,0.54418063,JJ
hospitality,0.48802102,NN
host,0.08070967,NN
hostage,0.27993324,NN
hostile,0.19525984,JJ
hound,0.067232564,NN
house,0.14077994,NN
hover,0.28513986,NN
howl,0.21699728,NN
hug,0.10727297,NN
hull,0.18790604,NN
hum,0.1335283,NN
humane,0.26203865,NN
humanitarian,0.68103737,JJ
humanity,0.15086968,NN
humble,0.3047599,JJ
humid,0.29726747,JJ
humidity,0.5079063,NN
humiliate,0.3557782,VBP
humorous,0.70857114,JJ
hunger,0.2335208,NN
hurl,0.34973845,NN
husband,0.17026234,NN
hush,0.21331513,NN
hustle,0.3067896,JJ
hydrogen,0.4504442,NN
hygiene,0.5684519,NN
hymn,0.2795618,NN
hypocrisy,0.296733,NN
hypothesis,0.5832598,NN
hypothetical,0.6212506,JJ
hysteria,0.40691274,NN
ideal,0.083127484,JJ
identical,0.19021104,JJ
identification,0.5199927,NN
identify,0.16460174,NN
identity,0.14879236,NN
idiom,0.45673218,VBP
idiomatic,0.7556101,JJ
idiot,0.1127537,NN
idle,0.2593454,JJ
idol,0.23475125,NN
ignite,0.31353962,JJ
ignorance,0.13162604,NN
ignorant,0.15389721,NN
ignore,0.113882154,NN
illegible,0.6860327,JJ
illiterate,0.6332162,NN
illuminate,0.7007796,NN
illusion,0.12559667,NN
illusive,0.5924068,JJ
illustrate,0.3375353,NN
illustration,0.3300734,NN
image,0.12672621,NN
imaginary,0.23682645,JJ
imitate,0.6466335,JJ
imitation,0.64420027,NN
immediate,0.17250548,VB
immediately,0.24091111,RB
immense,0.28673542,JJ
immerse,0.3858599,NN
immigrant,0.33363232,JJ
immigrate,0.34736073,NN
immigration,0.25061637,NN
imminent,0.4281918,JJ
immoral,0.21884765,JJ
immortal,0.2260403,JJ
impact,0.23841818,NN
impart,0.5046263,JJ
impartial,0.29908627,JJ
imperative,0.67566866,JJ
implement,0.18294682,NN
implication,0.34405485,NN
implore,0.2225705,RB
imply,0.15762447,JJ
import,0.106489345,NN
impose,0.19880837,VB
impractical,0.6913202,JJ
impressive,0.4006195,JJ
imprisonment,0.43651697,NN
impulse,0.27014408,JJ
inability,0.50327855,NN
inaccessible,0.74751353,JJ
inadequate,0.5208628,JJ
inaugurate,0.81874907,NN
incense,0.31380633,NN
incentive,0.44544563,NN
incident,0.17255928,NN
incidentally,0.62933916,RB
inclination,0.52137405,JJ
incline,0.24247968,NN
inclined,0.30596533,VBD
inclusive,0.31089598,JJ
income,0.13273564,NN
incompatible,0.7100774,JJ
inconsistency,0.73491377,NN
inconvenient,0.5306615,NN
incorporate,0.47890538,NN
incredible,0.51129645,JJ
incredulous,0.75416774,JJ
increment,0.62651885,NN
incur,0.52012044,NN
indebted,0.6137109,VBD
indefinite,0.8075043,JJ
indefinitely,0.88038284,RB
indent,0.60909003,JJ
independent,0.23260997,JJ
index,0.17692481,NN
indicate,0.19599627,VBP
indicative,0.6669093,JJ
indifference,0.7429998,NN
indifferent,0.451267,JJ
indigestion,0.6922676,NN
indignant,0.71901894,JJ
indignation,0.7136715,NN
indispensable,0.6569539,JJ
individual,0.12311906,JJ
induce,0.30459037,NN
inducement,0.7578108,NN
indulge,0.2670878,NN
industrial,0.26919666,JJ
industrialization,0.8357831,NN
industrious,0.71325916,JJ
inertia,0.5595493,NN
inevitable,0.6469824,JJ
inevitably,0.6522971,RB
infant,0.20526111,JJ
infantry,0.5779861,NN
infect,0.10579617,JJ
infection,0.26361313,NN
infectious,0.6780509,JJ
infer,0.5300711,NN
inference,0.34928536,NN
inferior,0.39455423,JJ
inferiority,0.6694785,NN
infinite,0.30679926,JJ
infinity,0.35552883,NN
inflation,0.43385127,NN
inflict,0.47275287,JJ
influence,0.2082515,NN
influential,0.4905695,JJ
influenza,0.4869524,NN
inform,0.11694303,NN
informal,0.3132293,JJ
informative,0.30396378,JJ
infringe,0.54784113,NN
ingenious,0.7208926,JJ
ingenuity,0.8639692,NN
inhabit,0.29282504,NN
inhabitant,0.6446172,JJ
inherent,0.10503833,JJ
inherit,0.34611118,NN
initial,0.2964839,JJ
initially,0.2504581,RB
initiate,0.6138265,VBP
initiative,0.48784217,JJ
inject,0.29885012,JJ
injure,0.16408806,NN
injury,0.17060801,NN
injustice,0.26948863,NN
inland,0.45875758,NN
innocent,0.28966483,JJ
innovate,0.40146908,NN
innovation,0.42912322,NN
innumerable,0.8286059,JJ
inquire,0.2121272,NN
inquiry,0.2771807,NN
insane,0.1560299,NN
insert,0.21013772,JJ
insider,0.3012906,NN
insight,0.17850171,NN
insignificant,0.57423025,JJ
insist,0.23216145,NN
insolvent,0.571349,NN
inspect,0.26728252,JJ
inspection,0.41994333,NN
inspector,0.3791631,NN
inspiration,0.42123032,NN
inspire,0.24252567,NN
install,0.13062792,NN
installation,0.28946036,NN
installment,0.47002238,NN
instance,0.23919629,NN
instinct,0.28261065,JJ
instinctive,0.5925375,JJ
institute,0.49295968,NN
institution,0.5500976,NN
instruct,0.4885207,NN
instruction,0.4010983,NN
instructive,0.54733795,JJ
instrument,0.29722765,NN
instrumental,0.60377073,JJ
insufficient,0.6735444,JJ
insulate,0.66535616,NN
insulation,0.74392533,NN
insult,0.13471308,NN
insurance,0.37975952,NN
insure,0.1720813,NN
intangible,0.50522065,JJ
integral,0.4218156,JJ
integrate,0.3284298,NN
integrity,0.47928977,NN
intellect,0.39929515,VBP
intellectual,0.3222595,JJ
intelligence,0.24833025,NN
intelligent,0.27160886,NN
intense,0.17871967,JJ
intensive,0.357254,JJ
intent,0.24992834,NN
intention,0.38962942,NN
interact,0.27602974,JJ
interaction,0.37632033,NN
interest,0.16031237,NN
interfere,0.40407336,RB
interference,0.38064027,RB
interior,0.26025635,JJ
intermediate,0.7520581,JJ
internal,0.17257853,JJ
interpret,0.4479423,NN
interpretation,0.5948042,NN
interrupt,0.2177666,JJ
interval,0.253251,JJ
intervene,0.6545917,NN
intimate,0.5173757,JJ
intrude,0.50556344,NN
inundate,0.8932889,NN
invade,0.14999633,NN
invader,0.46020028,NN
invalid,0.5494507,JJ
invalidate,0.8356879,NN
invaluable,0.6730554,JJ
invariably,0.67865896,RB
invasion,0.18577258,NN
inverse,0.4097212,JJ
invest,0.14411119,NN
investigate,0.45809603,NN
investigation,0.46958745,NN
invisible,0.41615915,JJ
invoice,0.319406,NN
involve,0.20558481,NN
irony,0.31347644,NN
irregular,0.4586244,NN
irresistible,0.6982098,JJ
irrespective,0.77644604,JJ
irrevocable,0.7846222,JJ
irrigate,0.8058656,NN
irrigation,0.786933,NN
irritate,0.50720453,NN
isolate,0.2336708,NN
isolation,0.2879204,NN
issue,0.106118165,NN
item,0.10810474,NN
ivory,0.20204952,JJ
jail,0.089804776,NN
jam,0.06436928,NN
jar,0.080759875,NN
jealous,0.27966762,JJ
jealousy,0.246059,NN
jelly,0.11519119,RB
jeopardize,0.5888577,VB
jerk,0.11737002,NN
jettison,0.7111609,NN
jewel,0.097872555,NN
jewelry,0.11454171,NN
jog,0.26393735,NN
journal,0.07536744,NN
journalism,0.2237938,NN
journalist,0.17791222,NN
judgement,0.09504528,NN
juice,0.10340071,NN
juicy,0.0999718,NN
jumble,0.4823647,JJ
junction,0.38909793,NN
jungle,0.3136454,NN
junior,0.10573406,JJ
jury,0.10566383,NN
justice,0.18463932,NN
justifiable,0.68045896,JJ
justification,0.40450606,NN
justify,0.19770584,NN
juvenile,0.43730843,NN
kangaroo,0.48055893,NN
keen,0.37835014,JJ
kerosene,0.7026845,FW
keyboard,0.13130513,FW
kidnap,0.1544714,FW
kidney,0.2751305,NN
kindle,0.41023353,NN
kingdom,0.26052368,NN
kneel,0.19683905,VB
knit,0.3630914,NN
knob,0.24564524,FW
knot,0.1925789,NN
label,0.1434505,NN
laborer,0.5934217,NN
lace,0.14634725,NN
lag,0.25088975,NN
lamb,0.16966917,NN
lame,0.11452341,NN
landscape,0.28425455,NN
lane,0.28295857,NN
lap,0.110396035,NN
lapse,0.38419682,NN
largely,0.21141702,RB
lark,0.18193623,JJ
laser,0.19621289,NN
latent,0.17406411,JJ
lateral,0.18130717,JJ
latitude,0.36827767,NN
launch,0.15328516,NN
laundry,0.19621135,JJ
lawn,0.12179081,NN
lay,0.07217419,VBD
layer,0.15758665,NN
layout,0.24802986,NN
leadership,0.24770722,NN
leaflet,0.61699855,NN
league,0.18135807,NN
leak,0.11479328,JJ
lean,0.12308972,JJ
leap,0.12037077,JJ
lease,0.08796645,NN
lecture,0.11826038,NN
legal,0.121114746,JJ
legend,0.10922289,NN
legendary,0.1340933,JJ
legislation,0.272269,NN
legitimate,0.25409704,JJ
leisure,0.3817049,NN
lengthen,0.49115142,VBZ
leopard,0.45764115,RB
lever,0.20212798,JJ
levy,0.076182485,NN
liability,0.33338442,NN
liable,0.17141804,JJ
liberal,0.11991017,JJ
liberate,0.33438084,NN
liberty,0.17002437,NN
license,0.12534958,NN
lick,0.12528181,JJ
lift,0.13234879,NN
light,0.06964209,VBD
likelihood,0.3718774,JJ
likewise,0.1359932,NN
limb,0.11080115,NN
limestone,0.27547184,NN
limousine,0.56361014,NN
limp,0.29815358,NN
line,0.18781315,NN
linear,0.24037372,JJ
linen,0.34805134,NN
liner,0.30311415,NN
linger,0.17654705,NN
link,0.17180192,VBP
liquid,0.19195849,JJ
liquor,0.1245608,NN
list,0.08585243,NN
literacy,0.11380536,NN
literal,0.1835703,JJ
literally,0.26171798,RB
literary,0.115790814,JJ
literate,0.2919873,NN
literature,0.26121837,NN
litter,0.2587899,NN
livelihood,0.5978048,NN
lively,0.25795516,RB
liver,0.19715466,JJ
livestock,0.37827787,NN
load,0.11127824,NN
loaf,0.33515668,NN
loan,0.13030586,NN
lobby,0.23758093,NN
lobster,0.46078816,NN
locality,0.31005338,NN
locate,0.077031754,NN
location,0.09917801,NN
lock,0.106269725,NN
locomotive,0.6136225,JJ
locust,0.3746975,NN
lodge,0.17868742,NN
lofty,0.48638132,JJ
log,0.10183344,NN
logic,0.10608244,JJ
logical,0.10767804,JJ
longevity,0.2847563,NN
longitude,0.35496637,NN
loom,0.19288981,NN
loop,0.15940602,NN
loose,0.20580854,JJ
lose,0.08005076,VBP
lottery,0.117766745,JJ
lounge,0.3996046,NN
low,0.12940297,JJ
loyal,0.17831248,JJ
lubricate,0.37872142,NN
lumber,0.3239782,VBP
luminous,0.6140223,JJ
lump,0.2997531,NN
lunar,0.15407307,RBR
luxurious,0.42272708,JJ
luxury,0.18741877,NN
magic,0.10950139,JJ
magician,0.25090572,JJ
magistrate,0.75880635,NN
magnetic,0.2284551,JJ
magnetism,0.7306278,NN
magnificent,0.40269852,NN
magnify,0.49290556,VB
magnitude,0.39491948,NN
maintain,0.09066818,JJ
maintenance,0.22759017,NN
maize,0.21635501,NN
majesty,0.29537445,NN
major,0.11769774,JJ
majority,0.11701482,NN
malady,0.5083842,JJ
malaise,0.47633553,NN
malice,0.19696599,NN
malicious,0.27273703,JJ
manifest,0.43704283,JJS
manifestation,0.5909361,NN
manifesto,0.527925,NN
manipulate,0.22803403,NN
mansion,0.38022166,NN
manual,0.0766839,JJ
manufacture,0.24190259,NN
manuscript,0.33233777,NN
map,0.09224025,NN
maple,0.31325665,NN
marble,0.23849887,JJ
march,0.19600227,NN
margin,0.1871436,NN
marginal,0.34012467,JJ
marine,0.38610327,NN
mariner,0.5528902,NN
marked,0.15323295,VBD
marsh,0.30398375,JJ
marshal,0.43195137,JJ
martyr,0.40121812,NN
marvel,0.15530768,NN
masculine,0.44564778,NN
mask,0.19186725,NN
massacre,0.28366643,NN
massive,0.1297518,JJ
mast,0.16897339,NN
masterpiece,0.2609527,NN
match,0.06729585,NN
mate,0.07030054,VBP
material,0.1452386,JJ
materialism,0.5482077,NN
mattress,0.2029011,JJ
mature,0.19270667,VBP
maturity,0.5338765,NN
maximum,0.21214215,NN
meadow,0.26671416,JJ
measure,0.063750215,NN
mechanical,0.095889844,JJ
mechanism,0.27197263,NN
medal,0.39152375,NN
medieval,0.19607216,NN
meditate,0.47888952,NN
meditation,0.41164076,NN
medium,0.22235844,NN
meek,0.37161246,NN
melancholy,0.6204701,NN
melody,0.32764047,NN
melon,0.31130797,NN
melt,0.25584745,VBD
memo,0.19038296,JJ
memorial,0.27157283,JJ
memorize,0.38529566,NN
memory,0.13777426,NN
menace,0.39786696,NN
mend,0.233153,VBP
mental,0.19426993,JJ
mentality,0.50912595,NN
mention,0.042521242,NN
menu,0.17604282,NN
mercantile,0.68299323,NN
merchandise,0.4223014,NN
merchant,0.1966698,NN
mercy,0.15326728,NN
mere,0.15916829,JJ
merge,0.20688681,NN
merit,0.3120476,NN
mermaid,0.303006,VBD
mesh,0.1454901,JJ
mess,0.06952499,NN
metallic,0.30038565,JJ
method,0.1952222,NN
methodology,0.5840133,NN
meticulous,0.6257082,JJ
metric,0.5193322,JJ
microscope,0.58044785,VBP
microwave,0.25313696,VBP
migrant,0.36726272,JJ
migrate,0.39424264,NN
migration,0.41147873,NN
milestone,0.30578774,NN
military,0.34102377,JJ
milk,0.25598007,NN
miller,0.28032863,NN
millionaire,0.59565765,NN
mince,0.5285927,NN
mingle,0.5804225,NN
miniature,0.5578268,NN
minimize,0.24648736,VB
minimum,0.29255658,JJ
minister,0.30155677,NN
ministry,0.4302936,NN
minor,0.1490327,JJ
minority,0.16781358,NN
minus,0.34391972,CC
minute,0.21114606,NN
miracle,0.26344734,NN
miraculous,0.5441892,JJ
miscarriage,0.6696244,NN
mischief,0.4136787,NN
miserable,0.41909865,JJ
misery,0.44919467,NN
misfortune,0.38121024,NN
mishap,0.59600306,JJ
mislead,0.23198746,NN
missile,0.2171864,NN
mission,0.08314824,NN
mist,0.25649288,NN
moan,0.20884968,NN
mobile,0.18000032,JJ
mobilize,0.4257645,NN
mock,0.15870532,NN
mode,0.07050861,NN
moderate,0.14190504,JJ
modest,0.1509153,JJ
modification,0.2526028,NN
modify,0.1427564,NN
modulate,0.7244525,NN
module,0.11410355,NN
moist,0.20334631,NN
moisture,0.4245447,NN
molecular,0.30431846,JJ
molecule,0.2848826,NN
momentary,0.40686172,JJ
momentous,0.61965346,JJ
monarch,0.15640968,NN
monastery,0.5963537,NN
monetary,0.5184794,JJ
monitor,0.15217197,NN
monopolize,0.7878104,VB
monopoly,0.38375458,NN
monotonous,0.83835685,JJ
monotony,0.73914856,NN
monster,0.25871772,RBR
monstrous,0.37613216,JJ
monument,0.25870007,NN
monumental,0.58089256,JJ
moor,0.48127842,JJ
morale,0.43392444,NN
morality,0.49773803,NN
moreover,0.2598224,RB
mortal,0.11400224,JJ
motel,0.12430735,NN
motion,0.23274386,NN
motionless,0.49946126,NN
motivate,0.31404725,NN
motivation,0.37329742,NN
motive,0.34256122,JJ
motto,0.3854924,NN
mould,0.43112928,NN
mount,0.1407423,NN
mourn,0.32354102,NN
mournful,0.7226566,JJ
mouth,0.16206422,FW
movement,0.06295234,NN
muffle,0.4793017,NN
muffler,0.4822304,NN
multiple,0.3164723,JJ
multiply,0.5252428,NN
multitude,0.5982298,NN
municipal,0.42095992,JJ
murmur,0.73420537,NN
muscular,0.26069513,JJ
muse,0.19822787,NN
mushroom,0.2639546,NN
mute,0.18228313,NN
mutton,0.44438535,NN
mutual,0.21515082,JJ
myriad,0.39896312,RB
mysterious,0.3906488,JJ
mythology,0.2687877,NN
naked,0.23317277,VBD
namely,0.3157174,RB
nap,0.24505952,JJ
narrator,0.3073374,NN
nasty,0.14403674,JJ
native,0.13313955,JJ
nausea,0.3040434,NN
naval,0.09752818,JJ
navigable,0.665775,JJ
navigation,0.3592057,NN
neat,0.22148463,NN
necessitate,0.85695225,JJ
needle,0.14089815,JJ
needy,0.4294214,NN
negate,0.27863336,JJ
negation,0.18386358,NN
negative,0.20970114,JJ
neglect,0.26837707,JJ
negligence,0.57488304,NN
negligent,0.8128622,NN
negligible,0.7638961,JJ
negotiable,0.35203168,JJ
negotiation,0.54637533,NN
nervous,0.1755781,JJ
network,0.17065409,NN
neutral,0.33904758,JJ
neutron,0.49657732,NN
nevertheless,0.5370337,RB
nickel,0.3721803,RB
nightmare,0.16913305,JJ
nitrogen,0.35126263,JJ
nobility,0.70934284,NN
noisy,0.086966395,JJ
nominal,0.47263545,JJ
nominate,0.4531692,NN
nomination,0.40813056,NN
nonsense,0.3124252,NN
norm,0.08967938,NN
normally,0.18962076,RB
notable,0.34428057,JJ
notably,0.40679842,RB
note,0.052487537,VBP
notify,0.14882082,JJ
notion,0.18629737,NN
notorious,0.4510406,JJ
nought,0.56713694,JJ
nourish,0.6338182,JJ
nourishment,0.6455264,NN
novel,0.10623589,NN
novelty,0.31927672,NN
nowhere,0.19959734,RB
nuclear,0.28316453,JJ
nucleus,0.3843738,JJ
nuisance,0.6214498,NN
nullify,0.69453585,JJ
numerical,0.542247,JJ
numerous,0.35693014,JJ
nursery,0.38496026,NN
nylon,0.22450615,NN
oak,0.07436114,NN
oar,0.17030169,IN
oath,0.17588454,JJ
obedient,0.30567247,NN
object,0.1886903,JJ
objection,0.17980763,NN
objective,0.22476509,JJ
obligation,0.43260807,NN
oblige,0.46552315,NN
obliterate,0.7837692,NN
oblong,0.39746222,JJ
obscure,0.39504653,JJ
observance,0.48131797,NN
observe,0.113756575,NN
obstacle,0.089122266,NN
obstinate,0.80554396,JJ
obstruction,0.635189,NN
obtain,0.19212231,VB
obtainable,0.5860172,JJ
obvious,0.1446312,JJ
occasion,0.12433957,NN
occasional,0.30542088,JJ
occasionally,0.50355995,RB
occupation,0.32405496,VBP
occupy,0.082848325,JJ
occur,0.09068848,JJ
occurrence,0.29983833,NN
odd,0.07830434,IN
odour,0.32709238,JJ
offence,0.4106376,NN
offend,0.20176119,VBP
offensive,0.32069132,JJ
offer,0.12081776,NN
offset,0.25105518,IN
ominous,0.4573674,JJ
omission,0.29457054,NN
omit,0.25590858,NN
onset,0.43172142,IN
opaque,0.38795093,JJ
opera,0.23107845,NN
operative,0.6090682,JJ
opinion,0.123504624,NN
opponent,0.14981389,NN
opportune,0.7527243,JJ
opportunity,0.40178165,NN
oppose,0.2242783,VBP
opposite,0.1044526,JJ
opposition,0.2771209,NN
optical,0.29945213,JJ
optimal,0.18283057,JJ
optimism,0.39960122,NN
optimistic,0.32301152,JJ
optimum,0.36097062,NN
option,0.14980297,NN
optional,0.28676638,JJ
oral,0.17469582,JJ
orbit,0.19698174,NN
orchard,0.17194203,JJ
orchestra,0.4120074,VBZ
orderly,0.27319705,RB
ore,0.15939757,RB
organ,0.06598708,JJ
organic,0.21911708,JJ
organism,0.20865,NN
orient,0.09100947,JJ
oriental,0.15538971,JJ
orientation,0.45494762,NN
origin,0.11067952,IN
original,0.1562201,JJ
originality,0.46113378,NN
originate,0.5436094,VBP
ornament,0.42938545,JJ
ornamental,0.74912405,JJ
ounce,0.16049458,NN
outbreak,0.26133472,JJ
outcome,0.14564222,NN
outermost,0.6609181,VBP
outlandish,0.7087665,JJ
outlaw,0.23527567,NN
outlet,0.40410239,NN
outline,0.30866015,JJ
outlook,0.103843525,NN
output,0.24753214,NN
outrage,0.30588093,VBP
outrageous,0.49048546,JJ
outright,0.20987462,JJ
outset,0.39835083,NN
outstanding,0.42264113,JJ
oval,0.17034277,NN
overall,0.299087,JJ
overcast,0.32768935,JJ
overcharge,0.5958055,NN
overcome,0.3230383,JJ
overestimate,0.89228153,NN
overflow,0.25892687,IN
overhear,0.3967451,JJ
overlap,0.25332263,IN
overload,0.25282007,JJ
overlook,0.20439035,NN
overseas,0.3106665,RB
oversight,0.21491201,JJ
overtake,0.45796594,NN
overthrow,0.2746968,NN
overtime,0.2487495,NN
overwhelm,0.35603228,IN
owe,0.14066915,JJ
owl,0.13526443,NN
ownership,0.32478333,NN
oxide,0.23716131,IN
oxygen,0.16162334,NN
oyster,0.4727373,NN
pace,0.1341348,NN
pack,0.08752451,NN
packaging,0.2716244,NN
pad,0.1347474,NN
pair,0.09646007,NN
pale,0.27171698,JJ
palm,0.1405141,NN
pamphlet,0.26928276,NN
pan,0.11734769,NN
pane,0.2528333,NN
panel,0.1906253,NN
panic,0.14027454,JJ
panorama,0.77443695,NN
panoramic,0.824301,JJ
pant,0.13568991,JJ
pantry,0.5306857,NN
par,0.17194143,NN
parachute,0.29487693,NN
parade,0.17766337,NN
paradise,0.20632532,NN
paragraph,0.22841665,NN
parallel,0.15448691,JJ
paralyse,0.11903554,NN
parameter,0.32789782,NN
parasite,0.38878763,JJ
parliament,0.47697374,NN
partial,0.1795152,JJ
participant,0.14486712,NN
participate,0.21736524,NN
particle,0.20123994,NN
partition,0.3588032,NN
partner,0.25807315,NN
passion,0.0860007,NN
passionate,0.35688156,NN
passive,0.12699552,JJ
passport,0.3446826,NN
pastime,0.3745923,NN
pasture,0.45225745,NN
patch,0.12364281,NN
patent,0.16992457,NN
path,0.18656994,NN
pathetic,0.33270928,JJ
patriot,0.15284808,NN
patriotic,0.41546834,JJ
patriotism,0.5398197,NN
patrol,0.17410764,NN
patron,0.34945855,NN
patronage,0.6934261,NN
pave,0.2946294,VBP
pavement,0.15501137,NN
pawn,0.1438015,NN
peach,0.1558553,NN
peak,0.20746706,NN
pebble,0.38462082,JJ
peck,0.36703488,NN
peculiar,0.49476928,JJ
peculiarity,0.8537622,NN
pedal,0.14810319,NN
pedestrian,0.40745395,JJ
peel,0.25113344,NN
peer,0.2832417,NN
penalty,0.11699595,NN
penetrate,0.38028315,JJ
penetration,0.46483302,NN
pension,0.2360605,NN
perceive,0.3557709,JJ
percent,0.07607848,NN
perception,0.31663263,NN
perch,0.4209754,NN
perfect,0.10569451,JJ
perfection,0.26954055,NN
perform,0.07446461,NN
performance,0.21986343,NN
performer,0.27515888,NN
perfume,0.23480743,NN
peril,0.33450755,JJ
perimeter,0.5081279,NN
period,0.076692075,NN
periodic,0.31123948,JJ
periodical,0.51151365,JJ
peripheral,0.3689622,JJ
perish,0.30939534,JJ
permanent,0.15664545,JJ
permission,0.18099889,NN
permissive,0.5851038,JJ
permit,0.17837554,NN
perpendicular,0.68930805,JJ
perpetual,0.39605373,JJ
perplex,0.51159215,NN
persecute,0.6263652,NN
persecution,0.56165,NN
perseverance,0.8707572,NN
persevere,0.76843864,JJ
persist,0.39440116,NN
persistence,0.7110927,NN
personal,0.1017872,JJ
personality,0.18626535,NN
perspective,0.3029669,VBP
persuade,0.29098246,NN
pertain,0.2118743,NN
pertinent,0.5437926,NN
perturb,0.75419176,NN
peruse,0.6660326,NN
pest,0.208279,NN
pet,0.08864093,NN
petition,0.35998586,NN
petroleum,0.4641629,NN
petty,0.24969612,JJ
phase,0.086038,NN
phenomenon,0.41501755,NN
philosophy,0.23020668,NN
photograph,0.1539711,JJ
phrase,0.1398011,JJ
physical,0.08353792,JJ
physician,0.21396835,NN
piano,0.21960546,NN
pick,0.1329873,NN
picnic,0.29878664,NN
picturesque,0.8315578,NN
pier,0.39435214,NN
pigment,0.17870699,NN
pile,0.23583663,NN
pilgrim,0.38902494,NN
pill,0.22999148,NN
pillar,0.41220826,JJ
pillow,0.1826501,NN
pilot,0.1814375,NN
pin,0.14013281,NN
pinch,0.23018435,NN
pine,0.19994889,VBP
pineapple,0.55723584,NN
pioneer,0.25710955,NN
pious,0.56453884,JJ
pirate,0.22063273,NN
pistol,0.20917457,NN
piston,0.482108,NN
pit,0.16811518,NN
pitch,0.11730853,NN
pitcher,0.28809047,NN
plague,0.21937723,NN
plain,0.0939794,NN
plane,0.15492287,NN
planet,0.2191999,NN
plantation,0.4931062,NN
plaster,0.433452,NN
plastic,0.2321703,NN
plate,0.23948704,NN
plateau,0.26871306,NN
platform,0.13153803,NN
playwright,0.5761735,VBD
plea,0.10773506,NN
plead,0.33794704,JJ
pleasure,0.1418214,NN
pledge,0.15393588,NN
plight,0.36917546,NN
plot,0.14687456,NN
plough,0.6854903,IN
pluck,0.47238243,NN
plug,0.11584279,NN
plumb,0.41927162,JJ
plumber,0.51392853,NN
plume,0.46089008,JJ
plump,0.45483524,NN
plunder,0.42618433,NN
plunge,0.29269528,NN
plus,0.19693561,CC
ply,0.09797684,NN
pneumonia,0.7001314,NN
poke,0.22324382,VBD
polar,0.12428753,JJ
pole,0.2224604,NN
policy,0.21068442,NN
polish,0.18360755,JJ
poll,0.31611854,VBP
pollute,0.6051356,JJ
pollution,0.44092917,NN
ponder,0.32382312,NN
pony,0.14107533,NN
popcorn,0.27384022,VBP
popular,0.19533332,JJ
popularity,0.42186707,NN
porcelain,0.813639,VBP
porch,0.5066965,NN
pore,0.41689506,NN
port,0.13511215,NN
portable,0.21642154,JJ
portion,0.20627564,NN
portrait,0.44852754,NN
portray,0.19139224,NN
pose,0.14445843,VBP
positive,0.21895877,JJ
possession,0.32628736,NN
post,0.073125705,NN
postage,0.33262035,NN
postal,0.22802043,JJ
postcard,0.27717894,NN
posterity,0.71429926,NN
postpone,0.55753875,NN
postulate,0.72357726,NN
pot,0.22725518,NN
potent,0.27603877,JJ
potential,0.11538383,JJ
potentiality,0.8287251,NN
poultry,0.27937555,NN
pound,0.10104608,NN
pour,0.082186736,VBP
poverty,0.10634796,NN
practicable,0.66603476,JJ
practical,0.20333372,JJ
practically,0.5432933,RB
prairie,0.4282539,VBP
preach,0.1747426,NN
precaution,0.5714722,NN
precede,0.4617578,NN
precedence,0.73842144,NN
precedent,0.32694444,NN
precious,0.335185,JJ
precise,0.1888432,JJ
precision,0.32790676,NN
predecessor,0.4909458,NN
predict,0.15462688,NN
prediction,0.35530382,NN
predominant,0.7900137,NN
preface,0.38967764,NN
preferable,0.6359549,JJ
preference,0.19991277,NN
pregnancy,0.3367028,NN
pregnant,0.18592697,JJ
prejudice,0.3538344,NN
preliminary,0.5129995,JJ
prelude,0.6110906,NN
premature,0.36614245,NN
premium,0.37903807,NN
prescribe,0.58476996,NN
prescribed,0.4988159,JJ
prescription,0.7011108,NN
presence,0.22627832,NN
present,0.075197786,JJ
presentation,0.24849468,NN
preservation,0.41800734,NN
preserve,0.28971222,NN
preside,0.46736765,JJ
press,0.13397132,NN
pressure,0.19181779,NN
prestige,0.22706245,NN
presumably,0.6496535,RB
presume,0.27874687,JJ
pretense,0.55362856,NN
pretentious,0.77145433,JJ
prevail,0.24550761,NN
prevalent,0.707603,JJ
previous,0.24911326,JJ
prey,0.10150496,NN
prick,0.53937966,JJ
primary,0.1845071,JJ
prime,0.16711569,JJ
primitive,0.3909859,NN
principal,0.2169326,JJ
principle,0.22147429,NN
prior,0.14488336,JJ
priority,0.16221757,NN
privacy,0.101680465,NN
privilege,0.33467147,NN
probe,0.16758077,NN
problematic,0.680465,JJ
procedure,0.21080358,NN
proceed,0.15681036,VBD
process,0.16292818,JJ
procession,0.20499912,NN
proclaim,0.38721696,NN
procure,0.6237602,NN
produce,0.07035652,VBP
productive,0.18399785,JJ
productivity,0.43725926,NN
profession,0.17678776,NN
professional,0.3710021,JJ
proficiency,0.7492191,NN
proficient,0.44977877,NN
profile,0.16423775,NN
profit,0.19943191,NN
profound,0.22555944,NN
progress,0.22512852,NN
progressive,0.3653955,JJ
prohibit,0.17811614,NN
prohibitive,0.53136337,JJ
project,0.08403022,NN
projection,0.270991,NN
projector,0.32338014,NN
proletarian,0.81766176,JJ
prolong,0.44638604,NN
prominence,0.4838227,NN
prominent,0.25368807,JJ
promise,0.14379318,NN
promote,0.18020515,JJ
prompt,0.1837979,NN
prone,0.22554518,NN
proof,0.25532496,NN
propaganda,0.5347504,NN
propagate,0.78255695,NN
propel,0.5215266,VB
propeller,0.5497871,NN
proper,0.10434931,IN
property,0.13941595,NN
prophet,0.19374889,NN
proportion,0.30840322,NN
proposal,0.16513635,NN
propose,0.14497621,JJ
proposition,0.46832734,NN
proprietor,0.72904986,NN
proprietorship,0.9235538,NN
prose,0.13421428,JJ
prosecute,0.53740364,NN
prosecutor,0.37276608,NN
prospect,0.296295,VBP
prosperity,0.39452523,NN
prosperous,0.70247126,JJ
protein,0.24377586,NN
protest,0.1887149,NN
protocol,0.12014311,NN
prototype,0.27062714,NN
provincial,0.48558882,JJ
provision,0.30624935,NN
provisional,0.48104975,JJ
provocation,0.56901276,NN
provoke,0.22891663,VBD
prudence,0.51189506,NN
prudent,0.2742932,NN
psychology,0.3908063,NN
publication,0.16429602,NN
publicity,0.36718217,NN
publish,0.108969904,JJ
pull,0.08903534,NN
pulse,0.21901602,NN
pump,0.1410755,NN
pumpkin,0.46852094,NN
punch,0.17703617,NN
punctual,0.58249456,JJ
pupil,0.2508966,NN
puppy,0.28061756,JJ
purchase,0.2173194,NN
purify,0.2611357,NN
purity,0.33052298,NN
purple,0.15345722,JJ
purse,0.26200584,JJ
pursue,0.3341263,NN
pursuit,0.24493688,NN
puzzle,0.1282894,NN
pyramid,0.20895915,JJ
qualification,0.3479068,NN
qualified,0.20020907,VBD
qualify,0.19750538,JJ
qualitative,0.74459267,JJ
quantitative,0.7805731,JJ
quarter,0.15920953,NN
quarterly,0.45249414,JJ
quartz,0.34631646,NN
queer,0.1614911,VBP
quench,0.41139692,JJ
query,0.15159488,NN
quest,0.19441238,JJS
questionnaire,0.7438232,NN
quilt,0.28601885,NN
quiver,0.45914975,NN
quota,0.3317244,JJ
quotation,0.5392547,NN
quote,0.11633175,NN
rack,0.2474349,NN
racket,0.4942095,NN
radar,0.19826147,NN
radiant,0.36248627,NN
radiate,0.41459647,NN
radiation,0.4381286,NN
radical,0.18771821,JJ
radius,0.16464926,NN
rage,0.10615967,NN
raid,0.101078875,VBD
rail,0.12228391,NN
rainbow,0.15023844,NN
rally,0.25856337,NN
ramble,0.30985445,JJ
ranch,0.25310946,NN
random,0.123762555,NN
range,0.117484294,NN
rank,0.32123083,NN
rapture,0.5938813,NN
rare,0.21619447,JJ
rarely,0.17455824,RB
rat,0.2125847,VBP
ratify,0.5901798,VB
ratio,0.1421401,JJ
ration,0.19892378,NN
rational,0.24373251,JJ
rattle,0.33957016,NN
ravage,0.40654007,NN
raw,0.118176624,JJ
ray,0.08690375,NN
razor,0.2711884,NN
react,0.12789436,NN
reactionary,0.5013919,JJ
readily,0.40737796,RB
realization,0.35518757,NN
realm,0.1558881,NN
reap,0.46055278,JJ
rear,0.17144525,VBP
reasonable,0.19582237,JJ
reassure,0.45641613,NN
rebel,0.1404384,NN
rebellion,0.336919,NN
rebuke,0.4950357,VBP
recall,0.095578276,NN
recede,0.63100785,NN
receipt,0.10525965,NN
reception,0.22176094,NN
receptionist,0.71202725,NN
recession,0.44112125,NN
recipe,0.1568036,FW
recipient,0.21904892,JJ
reciprocal,0.5815275,JJ
recite,0.3956118,NN
reckless,0.49447235,JJ
reckon,0.48436138,NN
reclaim,0.36762285,NN
recognition,0.17192627,NN
recognize,0.2797519,VB
recollection,0.6227437,NN
recommend,0.17256343,VB
recommendation,0.28272104,NN
recompense,0.84533703,NN
reconcile,0.66335577,NN
reconnaissance,0.85750973,NN
recourse,0.6725759,NN
recover,0.20625709,NN
recreation,0.43269128,NN
recruit,0.28657708,NN
rectangle,0.37880054,NN
rectify,0.7733837,VB
recur,0.5926869,JJ
recurrence,0.74054646,NN
redeem,0.20331965,VBP
reef,0.573566,NN
reel,0.37325528,NN
referee,0.38919783,JJ
reference,0.15195295,NN
refine,0.38760313,NN
refinement,0.59927833,JJ
reflect,0.15231217,JJ
reflection,0.22606723,NN
refrain,0.28083783,NN
refreshment,0.48404062,NN
refrigerator,0.66167605,NN
refugee,0.18157883,NN
refund,0.2085465,NN
refusal,0.21131508,NN
refute,0.3441485,NN
regardless,0.17781879,JJ
regime,0.24548441,NN
regiment,0.29470408,JJ
region,0.098463334,NN
register,0.11979728,NN
regulate,0.29631594,NN
regulation,0.2919008,NN
rehearsal,0.34560895,NN
rehearse,0.5241923,VBP
reign,0.48451844,NN
reimburse,0.7238324,NN
rein,0.50395966,NN
reinforce,0.39144477,NN
reiterate,0.8337312,NN
reject,0.12523678,JJ
rejection,0.2161433,NN
rejoice,0.37923822,NN
relax,0.17216517,NN
relaxation,0.33638188,NN
relay,0.16894355,NN
release,0.12662199,NN
relevant,0.22830369,JJ
reliability,0.80586654,NN
reliable,0.22804981,JJ
reliance,0.13104248,NN
relief,0.16506228,NN
relieve,0.36736712,VBP
religion,0.2110052,NN
religious,0.3212211,JJ
relinquish,0.6630602,JJ
relish,0.35634372,JJ
reluctance,0.52500045,NN
reluctant,0.46555296,JJ
rely,0.08918591,JJ
remainder,0.453868,NN
remains,0.16582654,VBZ
remark,0.12021499,JJ
remarkable,0.3370508,JJ
remedy,0.13156654,NN
remind,0.1518839,NN
reminiscence,0.7917664,NN
remit,0.29453573,NN
remittance,0.80540454,NN
remnant,0.6586753,JJ
remove,0.07774316,VB
renaissance,0.53287524,NN
render,0.35045746,NN
renew,0.24157898,NN
renewable,0.40748212,JJ
renewal,0.08313404,NN
rent,0.14525525,NN
rental,0.1480611,JJ
repeal,0.29614905,NN
repel,0.36618632,VB
repent,0.2992328,JJ
repetition,0.46917957,NN
replace,0.12957901,VB
replacement,0.21499214,NN
replenish,0.48717785,JJ
represent,0.23526722,NN
representation,0.55407345,NN
representative,0.4508108,JJ
reproach,0.7266522,NN
reproduce,0.3853484,NN
reproduction,0.31522158,NN
reptile,0.22149548,NN
repudiate,0.62949866,NN
reputable,0.44588426,JJ
reputation,0.55110765,NN
repute,0.4853229,NN
request,0.13546227,NN
require,0.10971027,NN
requisite,0.45747918,NN
rescind,0.75739825,NN
rescue,0.28778943,NN
research,0.16299605,NN
resemblance,0.53855217,NN
resemble,0.17753199,JJ
resent,0.20453444,NN
resentment,0.26601547,NN
reserve,0.12078423,NN
reservoir,0.6581191,NN
reside,0.21625872,NN
residence,0.15495011,NN
resident,0.110180624,JJ
residual,0.36765406,JJ
resign,0.27824154,NN
resignation,0.6851869,NN
resist,0.24781871,NN
resistance,0.3351479,NN
resistant,0.23387167,JJ
resolute,0.37269366,NN
resolution,0.4214073,NN
resolve,0.2208662,VB
resort,0.12650011,NN
resource,0.21204622,NN
respect,0.07108539,NN
respective,0.12153398,JJ
respectively,0.32546404,RB
respond,0.18742299,VBP
responsibility,0.36626294,NN
responsible,0.1619027,JJ
restless,0.38660732,NN
restore,0.19279093,NN
restrain,0.42633498,NN
restraint,0.46079785,NN
restrict,0.2243716,JJ
restriction,0.420991,NN
restrictive,0.6175539,JJ
resume,0.11095836,NN
retail,0.17338286,JJ
retailer,0.21415854,NN
retain,0.182355,NN
retire,0.3190973,NN
retirement,0.47524944,NN
retort,0.41136554,NN
retreat,0.37700894,NN
retroactive,0.5913354,JJ
reveal,0.16359006,NN
revenge,0.22575325,NN
revenue,0.18669395,NN
reverence,0.3903611,NN
reverse,0.30060202,NN
revert,0.26218808,NN
review,0.08478994,NN
revise,0.23515333,NN
revision,0.41631946,NN
revival,0.3327255,NN
revive,0.44714835,JJ
revoke,0.2782726,NN
revolt,0.39761418,NN
revolution,0.45648503,NN
revolutionary,0.68561524,JJ
revolve,0.35767204,VB
reward,0.11061071,NN
rhythm,0.2750232,NN
rib,0.24872285,NN
ribbon,0.22287172,NN
riddle,0.2388237,NN
ridge,0.26967677,NN
ridicule,0.4389068,NN
ridiculous,0.65654886,JJ
rifle,0.27693623,RB
righteous,0.36912307,JJ
rigid,0.13649213,JJ
rigidity,0.5081069,NN
rigor,0.38453758,VBP
rigorous,0.50563765,JJ
rim,0.16950786,JJ
rinse,0.29306504,NN
riot,0.19045986,NN
rip,0.21171267,NN
ripe,0.23760279,NN
ripen,0.476112,JJ
ripple,0.31681576,NN
rise,0.099222526,NN
risky,0.22379231,JJ
rival,0.31388244,JJ
rivalry,0.48003748,NN
roam,0.18050943,NN
roar,0.15395543,VB
roast,0.090898946,NN
robe,0.0774306,NN
robust,0.219001,JJ
rod,0.15779813,NN
role,0.08048646,NN
roll,0.12203781,NN
rooster,0.41357926,NN
rot,0.26856816,NN
rotary,0.7050977,JJ
rotate,0.23475717,NN
rotation,0.38244143,NN
rough,0.17712164,IN
roughly,0.20369893,RB
roundabout,0.7166297,NN
rouse,0.48949426,NN
route,0.21884987,NN
routine,0.12451538,NN
royalty,0.16862349,NN
rub,0.28342772,NN
ruin,0.15816712,VBP
ruinous,0.8165543,JJ
rule,0.07955442,NN
rural,0.2344413,JJ
rust,0.14148845,NN
ruthless,0.3379086,NN
sack,0.20638615,NN
sacred,0.30908686,VBD
sacrifice,0.3035764,JJ
saddle,0.23528118,JJ
sake,0.066427656,VBP
salmon,0.32162556,JJ
salute,0.42159936,NN
sample,0.13785136,NN
sandy,0.22064698,JJ
sanitary,0.62722856,JJ
sarcasm,0.36343554,NN
sarcastic,0.41538516,JJ
satellite,0.27521628,NN
satire,0.3439504,NN
satisfaction,0.34005216,NN
satisfactory,0.31353077,NN
sauce,0.10466708,NN
saucer,0.2888523,NN
savage,0.1275347,NN
save,0.11419374,VBP
scale,0.08781899,JJ
scan,0.20063227,JJ
scandal,0.19363388,NN
scar,0.21474555,NN
scarce,0.16543777,NN
scarcely,0.79957634,RB
scare,0.075787865,JJ
scarf,0.1909274,JJ
scarlet,0.32223338,NN
scatter,0.5490717,NN
scene,0.08810459,NN
scenery,0.32077983,NN
scenic,0.47194266,JJ
scent,0.21043397,NN
schedule,0.21327534,NN
scheme,0.13013072,NN
scholar,0.17164463,NN
scholarship,0.2505551,NN
scoff,0.6423932,VBP
scold,0.4197186,JJ
scope,0.25360644,NN
scorch,0.6673631,NN
score,0.10300061,NN
scorn,0.32832235,JJ
scotch,0.35193968,NN
scout,0.2238907,NN
scramble,0.19243243,JJ
scrap,0.24224237,NN
scrape,0.3837555,NN
scratch,0.22356649,NN
screen,0.0798138,NN
screw,0.24010445,VBD
screwdriver,0.6342079,RB
script,0.094193526,JJ
scrub,0.23906565,NN
scrutiny,0.724757,NN
sculptor,0.51328456,NN
sculpture,0.40112966,NN
seal,0.16601376,JJ
seam,0.25749698,NN
seaport,0.5531646,NN
seashore,0.37306094,VBD
seasonal,0.23064722,JJ
secondary,0.15936238,JJ
secret,0.2006778,JJ
section,0.16348651,NN
sector,0.22301093,NN
secure,0.06319324,NN
security,0.14137131,NN
seek,0.22444537,VBP
seemingly,0.43718472,RB
segment,0.18222898,NN
select,0.13012639,JJ
selection,0.2650224,NN
senator,0.21285896,NN
sensation,0.34269425,NN
sensational,0.43370667,JJ
sense,0.09761095,NN
sensible,0.2520768,JJ
sensitive,0.4289678,JJ
sensitivity,0.5645409,NN
sentence,0.20156519,NN
sentiment,0.23383145,NN
sentimental,0.48530164,NN
separate,0.14275749,JJ
sequence,0.13276465,NN
serene,0.62268406,JJ
serenity,0.33919093,NN
series,0.13932647,NN
serious,0.10411479,JJ
seriously,0.16551322,RB
session,0.13794425,NN
settle,0.11593675,VB
severe,0.24970075,JJ
shabby,0.45358637,NN
shade,0.13674437,NN
shaft,0.3396739,NN
shallow,0.26328772,NN
sham,0.50309104,NN
sharpen,0.27105224,VB
sharply,0.38425577,RB
shatter,0.19574305,JJ
shave,0.15350403,VBP
shear,0.23505493,JJ
sheer,0.25039983,NN
sheet,0.26524705,NN
shell,0.12778547,NN
shelter,0.24284974,NN
shepherd,0.21276899,NN
sheriff,0.23612295,NN
shield,0.195065,VBD
shift,0.1897802,JJ
shine,0.23309691,NN
shiny,0.32511598,JJ
shipment,0.32227033,NN
shipwreck,0.56441593,NN
shiver,0.41150147,NN
shock,0.13579904,NN
short,0.08435222,JJ
shortcut,0.17632943,NN
shot,0.09754936,NN
shove,0.12708175,VBD
shovel,0.20982258,NN
shower,0.121164374,NN
shrewd,0.4296671,NN
shriek,0.6763536,NN
shrill,0.54045314,NN
shrine,0.16070805,NN
shrink,0.31044552,VBP
shroud,0.58086824,JJ
shrub,0.47431812,NN
shrug,0.26731163,NN
shuffle,0.18837227,NN
shun,0.6346615,VBP
shutter,0.56389546,NN
shuttle,0.5252592,NN
shy,0.105147555,JJ
sick,0.1964785,JJ
sickness,0.31547734,NN
siege,0.3573384,VBP
sieve,0.42349195,JJ
sift,0.553028,NN
sigh,0.16081145,JJ
sign,0.0923304,JJ
signal,0.18675396,JJ
signature,0.21182062,NN
significance,0.5503056,NN
significant,0.28800178,JJ
signify,0.39177004,VB
silly,0.2806544,RB
similar,0.14984982,JJ
simplicity,0.53268003,NN
simplify,0.4261111,NN
simulate,0.45005822,VBP
simultaneous,0.4218212,JJ
sincere,0.32400045,JJ
single,0.21562041,JJ
singular,0.37262923,NN
sink,0.2861867,NN
siren,0.35764316,VBZ
site,0.12296123,NN
skeleton,0.27770185,NN
sketch,0.3984824,NN
skim,0.504043,NN
skip,0.13972595,JJ
skirmish,0.80690527,JJ
skull,0.15965834,NN
skyrocket,0.6416906,NN
skyscraper,0.53382844,NN
slack,0.28943518,NN
slam,0.10413892,NN
slander,0.31544754,NN
slap,0.15717737,NN
slaughter,0.29993165,NN
slay,0.39482975,NN
slender,0.26133162,NN
slice,0.0778862,NN
slide,0.20758083,NN
slight,0.26912126,VBD
slightly,0.38625616,RB
slim,0.22634162,JJ
slip,0.20945443,NN
slipper,0.21389514,NN
slippery,0.4333091,NN
slit,0.38388306,NN
slogan,0.3470577,JJ
slope,0.25397795,NN
slum,0.4090852,NN
slumber,0.44209105,JJ
slump,0.4568552,NN
smart,0.13906533,JJ
smash,0.22132848,NN
smog,0.35247532,NN
smooth,0.18860596,VBP
smoothly,0.3540172,RB
smuggle,0.25408688,JJ
snack,0.20480739,NN
snap,0.17155059,NN
snatch,0.29792985,NN
sneak,0.12418904,NN
sneer,0.2618286,NN
snob,0.26348084,NN
snobbish,0.7701777,JJ
soak,0.12648967,NN
soar,0.28277385,VB
sociable,0.48137045,JJ
sociology,0.33968514,NN
sock,0.14089696,NN
soil,0.16596794,NN
solar,0.21784446,JJ
sole,0.13588741,JJ
solely,0.13348484,RB
solemn,0.40658262,JJ
solicitor,0.68152153,NN
solidarity,0.60360986,NN
solitary,0.28290156,JJ
solitude,0.6165732,NN
solo,0.15594707,JJ
solution,0.10329055,NN
solvent,0.25791085,NN
somehow,0.120786764,NN
somewhat,0.098896414,RB
soothe,0.30177838,JJ
sophisticated,0.63385284,JJ
sophistication,0.6098364,NN
sore,0.19828755,NN
sort,0.16234544,NN
sound,0.0913326,VBD
sour,0.19377317,JJ
source,0.09351386,NN
souvenir,0.47054505,NN
sovereign,0.5274897,JJ
sovereignty,0.55799454,NN
sow,0.08215674,NN
soy,0.045524586,NN
spacecraft,0.350692,NN
spaceship,0.5942593,NN
spacious,0.3208107,JJ
span,0.224589,NN
spare,0.22495988,JJ
spark,0.26186556,NN
sparkle,0.38037977,NN
sparrow,0.21490367,VBP
spatial,0.29695863,JJ
spear,0.1227814,JJ
specialize,0.2611292,NN
specialized,0.18204448,VBD
specific,0.19473693,JJ
specification,0.39814895,NN
specify,0.23686323,VB
spectacle,0.5682161,VB
spectacular,0.48226422,JJ
spectator,0.49369106,NN
spectrum,0.39947715,NN
speculate,0.4213028,NN
speculation,0.32951364,NN
speedy,0.18266754,NN
spell,0.21943747,NN
sphere,0.19692156,RB
spill,0.3215409,JJ
spin,0.21366127,JJ
spiral,0.1817563,JJ
spiritual,0.24633212,JJ
spit,0.2541816,NN
spite,0.1840765,JJ
splash,0.17328356,NN
splendid,0.3761999,VBD
split,0.18857959,JJ
spoil,0.24262394,NN
spokesman,0.40854055,NN
sponge,0.215239,NN
sponsor,0.088240035,NN
spontaneous,0.43416852,JJ
spoon,0.31421182,NN
sport,0.11261161,NN
spot,0.11129218,NN
sprain,0.52113414,NN
spray,0.25045726,NN
spring,0.17684042,NN
sprout,0.73974514,NN
spur,0.2893897,NN
square,0.13458592,NN
squash,0.1381009,NN
squat,0.16764428,NN
squeeze,0.20036754,NN
squirrel,0.3390061,NN
stab,0.19481975,JJ
stability,0.37727302,NN
stable,0.24132451,JJ
stack,0.16821668,NN
stadium,0.17336228,NN
staff,0.13791342,NN
stagger,0.33523417,NN
stain,0.075183,NN
staircase,0.30313143,JJ
stake,0.2307296,NN
stale,0.08667158,JJ
stalk,0.16793276,NN
stall,0.2831312,NN
stammer,0.5661661,VBZ
standard,0.08047675,JJ
standardize,0.4121629,NN
standpoint,0.43708313,NN
staple,0.28993005,NN
stapler,0.6411431,NN
startle,0.32091758,JJ
starvation,0.4383094,NN
starve,0.30409464,NN
statesman,0.6578705,JJ
static,0.16546178,JJ
stationary,0.28953892,JJ
stationery,0.30202258,NN
statue,0.20715235,NN
status,0.3299162,NN
statute,0.28322992,NN
steady,0.19877815,JJ
steak,0.21778306,NN
steamer,0.35376462,NN
steep,0.22790582,JJ
steer,0.24772944,NN
stem,0.17891563,NN
stereo,0.18187682,NN
sterling,0.2631819,NN
stern,0.19950466,JJ
steward,0.40370062,RB
stick,0.103016675,JJ
sticky,0.23407345,JJ
stiff,0.26239133,NN
stimulate,0.3879672,NN
stimulation,0.5317057,NN
stink,0.3279661,NN
stipulate,0.83720064,NN
stipulation,0.7359125,NN
stitch,0.4014567,NN
stock,0.10174518,NN
stomach,0.1812034,NN
stoop,0.6676582,NN
storey,0.15018758,NN
stout,0.35458598,RB
straightforward,0.48592305,RB
strain,0.32753518,VBP
strait,0.29721987,JJ
strand,0.2602656,NN
strap,0.26590455,NN
strategic,0.2673281,JJ
strategy,0.22059847,NN
streak,0.32393268,NN
strengthen,0.37551054,NN
stress,0.1297134,NN
stretch,0.2623573,NN
stride,0.34137857,NN
strife,0.13250056,NN
strike,0.12337365,NN
strip,0.2373196,NN
stripe,0.20485498,NN
strive,0.15512212,JJ
stroke,0.17944966,NN
stroll,0.23250458,JJ
structural,0.33350626,JJ
structure,0.10526975,NN
stubborn,0.3724017,JJ
studio,0.11593485,NN
stuff,0.13137221,NN
stuffy,0.40328276,NN
stumble,0.20354728,JJ
sturdy,0.2516187,JJ
style,0.17545237,NN
subdue,0.6110123,JJ
subject,0.09872833,JJ
subjective,0.44644868,JJ
submarine,0.40620455,NN
submerge,0.46087456,NN
submit,0.120071255,NN
subordinate,0.73126143,NN
subscribe,0.25450432,NN
subsequent,0.29625612,JJ
subsequently,0.37493593,RB
subsidiary,0.5170805,NN
substantial,0.37540683,JJ
substantiate,0.7952395,JJ
substitute,0.30461863,NN
subtle,0.35980007,JJ
subtract,0.35470647,JJ
subtraction,0.5734133,NN
suburb,0.29044354,NN
succession,0.18717605,NN
successive,0.30787447,JJ
successor,0.26737985,NN
suck,0.15298432,NN
suffice,0.12447235,NN
sufficient,0.17685048,JJ
suit,0.13866545,NN
suitable,0.23384619,JJ
suitcase,0.43420312,NN
suite,0.1442011,NN
sultry,0.5154171,NN
sum,0.13833682,NN
summary,0.2118617,JJ
summit,0.30449718,NN
summon,0.14688006,JJ
sunburn,0.60679245,NN
sunflower,0.54206544,NN
sunlight,0.46795458,VBD
sunrise,0.6663776,NN
sunset,0.28677955,NN
sunshine,0.4045252,NN
superb,0.38934356,NN
superficial,0.60406065,JJ
superintendent,0.8356105,NN
superior,0.18258438,JJ
supersede,0.66631645,NN
supersonic,0.7555824,JJ
superstition,0.5877165,NN
supervise,0.4953061,NN
supervision,0.32202047,NN
supervisor,0.5034345,NN
supplement,0.24607378,NN
supplementary,0.44099125,JJ
suppose,0.13805376,JJ
suppress,0.3341683,NN
supreme,0.23398586,NN
surcharge,0.7370556,NN
surface,0.21124028,NN
surge,0.17250025,NN
surgeon,0.13607413,NN
surgery,0.35058704,NN
surmise,0.55184096,NN
surpass,0.42535794,NN
surplus,0.39156228,NN
surrender,0.31918442,NN
survey,0.22045182,NN
survival,0.20112233,NN
survive,0.17946592,JJ
survivor,0.15101002,NN
suspect,0.07641281,JJ
suspend,0.25141802,NN
suspense,0.18381749,NN
suspicion,0.3589633,NN
suspicious,0.5421149,JJ
sustain,0.25077537,NN
swallow,0.17937748,JJ
swamp,0.23543708,NN
swarm,0.20512868,NN
sway,0.23137367,NN
swear,0.107963316,VBP
sweater,0.285857,NN
sweep,0.17295642,NN
swell,0.20164058,NN
swift,0.14772968,NN
syllable,0.32878533,JJ
symbol,0.106723726,NN
symbolize,0.61017025,VB
symmetry,0.37152052,NN
sympathetic,0.61108047,JJ
sympathize,0.71868545,NN
sympathy,0.23945378,NN
symphony,0.22197501,NN
symposium,0.39905444,NN
symptom,0.16446505,NN
synonym,0.48252752,JJ
synthesis,0.21664448,NN
synthetic,0.37747684,JJ
system,0.057544425,NN
systematic,0.3155847,JJ
table,0.17025797,JJ
tablet,0.11329338,NN
tack,0.14492808,NN
tackle,0.39882,NN
tact,0.29741096,NN
tag,0.156677,NN
tailor,0.115323156,NN
talent,0.109171845,NN
tally,0.5186223,RB
tame,0.29076123,JJ
tan,0.13617755,JJ
tangle,0.26751587,NN
tap,0.25800195,NN
tape,0.15090883,NN
tar,0.16359718,NN
target,0.15183593,NN
tariff,0.24103788,NN
task,0.13171324,NN
taste,0.13215429,NN
taxation,0.18295191,NN
team,0.18064357,NN
teapot,0.433015,NN
tear,0.13296896,JJ
tease,0.17187555,NN
technical,0.08196256,JJ
technician,0.28674546,JJ
technique,0.10568259,NN
technology,0.23659585,NN
tedious,0.39852604,JJ
telescope,0.3721707,VBP
telex,0.17081301,JJ
temper,0.2671672,IN
temperature,0.1844969,NN
temple,0.16450767,NN
temporary,0.09703611,JJ
tempt,0.24453597,JJ
temptation,0.35850093,NN
tenant,0.37948418,NN
tend,0.1322236,VBP
tendency,0.23860212,NN
tender,0.2549835,NN
tenor,0.5009379,NN
tense,0.29542413,JJ
tension,0.42569068,NN
tentative,0.38490182,JJ
term,0.13724631,NN
terminal,0.19195633,JJ
terminate,0.39478016,NN
termination,0.55897164,NN
terminology,0.69633764,NN
terrace,0.24624425,NN
terribly,0.28477424,RB
terrific,0.18933894,JJ
terrify,0.30214453,NN
territory,0.1904113,NN
terror,0.088265315,NN
testify,0.3868557,NN
testimony,0.19842787,NN
text,0.103356816,NN
textile,0.16060716,NN
theatrical,0.59162825,JJ
theft,0.32424408,NN
theme,0.17123622,NN
theoretical,0.453241,JJ
theory,0.283179,NN
thereby,0.12980394,RB
therefore,0.3175288,RB
thermometer,0.81551397,JJ
thesis,0.24080056,NN
thigh,0.11502897,NN
thirst,0.16323903,RB
thorn,0.17561585,JJ
thorough,0.12961279,IN
thoughtful,0.2633462,JJ
thrash,0.467885,NN
thread,0.12597361,NN
threaten,0.12880678,VBP
threshold,0.25352162,JJ
thrifty,0.7206827,NN
thrill,0.23269163,NN
thrive,0.42716482,JJ
throat,0.13982287,NN
throng,0.6268715,NN
throughout,0.36090448,IN
thrust,0.17166744,JJ
thumb,0.37413353,NN
thunder,0.36486936,NN
thunderstorm,0.5453174,NN
tick,0.17238158,NN
tide,0.21224733,NN
tidy,0.3779295,NN
tighten,0.27332142,VBP
tile,0.20001851,JJ
tilt,0.34570533,JJ
timber,0.3364062,NN
timely,0.19684756,RB
timid,0.24151194,JJ
tip,0.08778589,JJ
tissue,0.20794134,NN
title,0.22875872,NN
toast,0.122785136,NN
toe,0.17370318,NN
toil,0.15823393,NN
token,0.121557824,NN
tolerable,0.28915983,JJ
tolerance,0.20028594,NN
tolerant,0.39018863,JJ
tolerate,0.29992887,NN
toll,0.2933943,NN
tongue,0.18950143,NN
topic,0.23776709,NN
torch,0.25578976,NN
torrent,0.5344912,JJ
torture,0.20106502,NN
toss,0.16953132,IN
tough,0.091514625,JJ
tourism,0.15895335,NN
tow,0.04136922,NN
towel,0.16847289,NN
tower,0.2371332,NN
trace,0.114613526,NN
track,0.168979,NN
tractor,0.3090887,NN
tradition,0.18155739,NN
tragedy,0.32132304,NN
trail,0.07394063,NN
traitor,0.1705415,NN
tramp,0.2420887,NN
trample,0.34879145,NN
tranquil,0.21396694,JJ
transaction,0.49328354,NN
transfer,0.17704278,NN
transform,0.22718385,NN
transformation,0.25806928,NN
transistor,0.4722993,NN
transit,0.18901068,NN
transition,0.39039144,NN
transmission,0.36488998,NN
transmit,0.22725731,NN
transparent,0.38332003,NN
transplant,0.42649573,NN
transport,0.2123251,NN
trap,0.13440467,NN
traverse,0.47203538,NN
tray,0.1868385,NN
tread,0.14909133,JJ
treason,0.46262336,NN
treatment,0.26681054,NN
treaty,0.0853807,NN
tremble,0.39074638,JJ
tremendous,0.27900416,JJ
trench,0.34425768,NN
trend,0.13125078,NN
trial,0.23146626,NN
tribe,0.23943219,NN
tribute,0.40801337,NN
trick,0.16869517,NN
trickle,0.37210545,NN
trifle,0.53999275,IN
trigger,0.2933288,NN
trim,0.22458328,JJ
triple,0.33683997,JJ
triumph,0.3117482,NN
trivial,0.13937612,JJ
tropic,0.52357846,NN
tropical,0.28933638,JJ
troublesome,0.6356892,JJ
trumpet,0.46254793,NN
trunk,0.15730502,NN
tub,0.2713224,NN
tube,0.22540474,NN
tuck,0.3949522,VBD
tug,0.091597095,JJ
tuition,0.22702676,NN
tumble,0.4229426,JJ
tumult,0.5747807,NN
tunnel,0.19161314,NN
turbulent,0.650685,NN
turnover,0.19040224,NN
tutor,0.24260394,NN
twig,0.4194712,NN
twilight,0.26918656,VBD
twinkle,0.45890424,JJ
twist,0.12560092,NN
typhoon,0.4535945,NN
typical,0.19859023,JJ
tyranny,0.21049242,NN
tyrant,0.42567727,NN
tyre,0.3111621,NN
ugly,0.18091,RB
ultimate,0.16622351,JJ
ultimately,0.3461981,RB
ultrasonic,0.7052045,JJ
ultraviolet,0.8085555,NN
unanimous,0.74562925,JJ
unbearable,0.6598872,JJ
unconscious,0.5016074,JJ
uncover,0.3919144,JJ
underestimate,0.8881157,JJ
undergo,0.5491836,NN
undergraduate,0.67167604,NN
underground,0.26219517,JJ
underline,0.5493037,JJ
undermine,0.7050247,JJ
underneath,0.2674551,JJ
undertake,0.22297883,NN
undo,0.23564586,JJ
undoubtedly,0.735385,RB
undue,0.37522948,JJ
uneasy,0.41133532,JJ
unfair,0.25215697,JJ
unfold,0.34302396,JJ
unfortunately,0.58287054,RB
uniform,0.24943064,JJ
unique,0.15293936,JJ
unity,0.13300137,NN
universal,0.17674011,JJ
universe,0.24300943,JJ
unlikely,0.23666239,JJ
unload,0.1977452,NN
unprecedented,0.8124356,JJ
unsatisfactory,0.8430763,JJ
unstable,0.25032526,JJ
unwarranted,0.5534173,JJ
uphold,0.18509768,JJ
upright,0.083364025,JJ
upset,0.11161553,JJ
urban,0.30625722,JJ
urge,0.14502499,NN
urgent,0.09676343,JJ
utensil,0.67517054,JJ
utility,0.15633437,NN
utilization,0.5787009,NN
utilize,0.27939782,VB
utmost,0.588654,JJ
utter,0.23399115,JJ
utterance,0.47924936,NN
vacancy,0.35131466,NN
vacant,0.24163109,JJ
vacation,0.2743694,NN
vaccinate,0.6919331,NN
vacuum,0.41291413,NN
vague,0.12208416,JJ
vain,0.09070976,NN
valid,0.27218804,JJ
validity,0.37707013,NN
valley,0.1392797,NN
valve,0.19009748,VBP
vanish,0.16820313,JJ
vanity,0.24325244,NN
vapor,0.16166523,NN
variable,0.17674688,JJ
variance,0.14629027,NN
variant,0.14875603,JJ
variation,0.18292639,NN
varied,0.2157534,VBD
variety,0.209181,NN
various,0.18109326,JJ
varnish,0.5663897,JJ
vary,0.08259675,NN
vast,0.16300476,NN
vault,0.18966587,NN
vegetable,0.2684692,JJ
vehicle,0.13288897,NN
veil,0.2494688,NN
vein,0.3546289,NN
velocity,0.2500875,NN
vengeance,0.34925318,NN
ventilate,0.75473326,NN
ventilation,0.61113113,NN
venture,0.23190096,NN
verbal,0.17116337,JJ
verge,0.3956807,NN
verify,0.33425298,NN
versatile,0.51008576,JJ
verse,0.10577725,JJ
version,0.15434653,NN
vertical,0.22316183,JJ
vessel,0.17962296,NN
veteran,0.2120202,NN
veto,0.33896807,NN
vex,0.6460605,NN
via,0.12916338,IN
vibrate,0.3146177,JJ
vibration,0.39328143,NN
vice,0.15721579,NN
vicinity,0.36505884,NN
vicious,0.4310054,JJ
victorious,0.41932195,JJ
victory,0.106970176,NN
vigor,0.18382448,NN
vigorous,0.33022198,JJ
vine,0.09830818,NN
violate,0.25392047,NN
violence,0.19554588,NN
violent,0.1761548,JJ
violin,0.30522013,NN
virtual,0.2252705,JJ
virtually,0.22925933,RB
virtue,0.16184731,VBP
virus,0.21864711,RB
viscous,0.7322739,JJ
visible,0.17406306,JJ
vision,0.087193176,NN
visual,0.08398504,JJ
vital,0.3314395,NN
vivid,0.22637522,NN
vocation,0.51413244,NN
vogue,0.17098561,NN
void,0.13334797,NN
volcano,0.14462638,NN
volley,0.13395768,JJ
voltage,0.1976661,NN
volume,0.12045,NN
voluntary,0.26293153,JJ
volunteer,0.19874553,NN
vote,0.047287337,NN
voter,0.16786881,NN
voucher,0.33495182,RB
vow,0.18843563,JJ
vowel,0.11597692,NN
voyage,0.21808593,NN
vulgar,0.29864877,NN
vulnerable,0.42994347,JJ
wade,0.31097823,NN
wag,0.34647134,NN
wage,0.09798163,NN
wagon,0.11967849,JJ
waist,0.13069426,NN
waive,0.24852012,JJ
wake,0.2036298,NN
walnut,0.18379347,NN
wander,0.39623702,VBP
ward,0.1868688,NN
wardrobe,0.6419928,NN
ware,0.18968606,NN
warehouse,0.24389754,IN
warfare,0.17983834,NN
warrant,0.28902063,NN
warrior,0.15828778,JJ
waterproof,0.35836172,NN
waver,0.15848848,NN
wax,0.20518613,VBP
weapon,0.18187931,IN
weary,0.31102574,JJ
weather,0.22479919,NN
weave,0.10946301,VBP
weaver,0.22820471,WDT
web,0.11720873,VBP
wedge,0.16272415,NN
weed,0.17712155,VBD
weld,0.2187854,WP
welfare,0.169939,NN
whereby,0.32300806,VBP
whilst,0.18496571,JJ
whip,0.13286322,NN
whirl,0.16866234,JJ
whisper,0.15352459,NN
whistle,0.24410373,NN
wholesale,0.23517501,JJ
wholesaler,0.35493186,NN
wholesome,0.2849207,NN
wicked,0.27428696,VBD
widespread,0.37272465,JJ
width,0.16042082,JJ
wield,0.07739104,NN
wilderness,0.41285738,NN
willow,0.23571183,IN
wisdom,0.123761825,NN
wit,0.17999385,NN
withdraw,0.18968832,NN
withdrawal,0.31987697,NN
wither,0.21387464,NN
withhold,0.2436621,VBD
withstand,0.48500502,NN
witness,0.14553875,NN
woe,0.5088776,NN
wool,0.08130905,NN
worldwide,0.1595457,JJ
worst,0.22031611,JJS
worthwhile,0.33342656,JJ
wrap,0.09134986,NN
wrath,0.21048436,NN
wreck,0.36145777,NN
wrench,0.31746513,NN
wrestle,0.43079177,NN
wretched,0.5575083,VBD
wrinkle,0.33442333,JJ
wrist,0.14172299,NN
yacht,0.59095615,NN
yard,0.24409722,NN
yawn,0.5437944,NN
yearn,0.30654955,NN
yeast,0.19819042,JJ
yield,0.08458564,NN
yoke,0.21782808,VBD
yolk,0.6749417,JJ
zeal,0.42427838,NN
zealous,0.32696012,JJ
zone,0.12571345,NN
zoology,0.3141311,NN
juxtaposition,0.7649996,NN
arrogate,0.26764655,VBP
imperious,0.736102,JJ
umbrage,0.72192943,JJ
cogent,0.61694777,NN
impudent,0.78183645,NN
inure,0.81309617,NN
largess,0.6488253,NN
rescind,0.7573982,NN
eschew,0.50921685,NN
pathos,0.37885234,NN
torpid,0.68251956,JJ
effrontery,0.8193167,NN
myriad,0.39896327,NN
proclivity,0.8686118,NN
prosaic,0.7399502,VBP
promulgate,0.82178915,NN
alacrity,0.7740828,NN
querulous,0.8380825,JJ
conflagration,0.6918175,NN
dissemble,0.78164023,JJ
vicarious,0.791839,JJ
pugnacious,0.8458449,JJ
iniquity,0.81027275,NN
limpid,0.624728,JJ
ephemeral,0.3491867,JJ
contrite,0.668532,NN
ebullient,0.88175,JJ
probity,0.13498378,NN
expiate,0.3918365,NN
wizened,0.2392132,VBD
mendacious,0.7831945,JJ
obtuse,0.5502249,IN
mawkish,0.8411059,JJ
invective,0.38859177,JJ
venerate,0.7712217,NN
inchoate,0.87597793,NN
diffident,0.59687734,NN
brusque,0.6976859,NN
obdurate,0.1653461,JJ
truculent,0.84505445,NN
proscribe,0.73277664,NN
maudlin,0.733955,NN
precocious,0.7953507,JJ
latent,0.17406408,NN
reprove,0.68030584,NN
ostensible,0.80048555,JJ
pariah,0.6630232,NN
propensity,0.6642637,NN
transient,0.6312884,NN
zenith,0.49926627,NN
grandiloquence,0.9007116,NN
ubiquitous,0.81274205,JJ
ineffable,0.74343026,JJ
rectitude,0.7603126,NN
nascent,0.23106956,JJ
clemency,0.7729026,NN
fastidious,0.87697,JJ
conundrum,0.80177325,NN
undulate,0.82012403,VBP
fatuous,0.46979392,JJ
malevolent,0.58294904,NN
palliate,0.7487938,NN
sanguine,0.78396547,NN
ribald,0.3428453,VBP
fallacious,0.68187726,JJ
hapless,0.691479,NN
veracity,0.79905653,NN
abjure,0.3076265,NN
replete,0.2399545,JJ
approbation,0.7833226,NN
acerbic,0.6890987,NN
acrimony,0.7386883,NN
viscous,0.7322737,JJ
licentious,0.5489311,JJ
deride,0.64084464,NN
propitious,0.77785736,JJ
hegemony,0.28482312,NN
surreptitious,0.832599,JJ
odious,0.7170065,JJ
winsome,0.8143432,NN
credulity,0.7148906,NN
surmise,0.5518408,NN
laconic,0.7085744,JJ
pejorative,0.6121632,JJ
punctilious,0.7291506,JJ
rebuke,0.49503577,NN
vitriolic,0.8275151,JJ
diaphanous,0.51062167,JJ
ignominious,0.845605,JJ
vituperate,0.7670047,NN
temerity,0.720295,NN
pertinacious,0.88863146,JJ
pallid,0.8031295,JJ
extant,0.18767156,JJ
opulent,0.82095367,NN
turgid,0.6053249,RB
unctuous,0.7969304,JJ
harangue,0.527127,NN
buttress,0.46594536,NN
recalcitrant,0.91701657,NN
vilify,0.68736196,VBP
impetuous,0.7881532,JJ
impertinent,0.74585307,NN
sacrosanct,0.6819766,JJ
effulgent,0.786628,NN
enervate,0.7958132,NN
pellucid,0.7522319,NN
vicissitude,0.89148176,VBP
tenuous,0.6320155,JJ
anathema,0.4578676,NN
repudiate,0.62949854,VBP
spurious,0.47521526,JJ
demure,0.68570375,NN
cursory,0.5629204,NN
iconoclast,0.81157404,JJ
paucity,0.7019452,NN
quagmire,0.40508014,VBP
mercurial,0.48645043,JJ
surfeit,0.08736435,NN
vapid,0.15694918,JJ
perspicacity,0.85448664,NN
desecrate,0.80304384,VBP
solicitous,0.7953309,JJ
aspersion,0.7332767,NN
adumbrate,0.35794094,NN
verdant,0.53202903,JJ
rancor,0.69874626,NN
antipathy,0.7928861,JJ
salient,0.21812429,NN
obfuscate,0.44458705,NN
impinge,0.77327937,NN
florid,0.67413247,VBP
egregious,0.756566,JJ
extol,0.7344277,JJ
blandish,0.81748074,JJ
munificence,0.80154544,NN
puerile,0.7187701,NN
decry,0.75713205,NN
prescient,0.8657579,NN
morass,0.40461525,NN
capricious,0.8409754,JJ
inveterate,0.7870155,NN
restive,0.7048393,VBP
insidious,0.7236741,JJ
perfidious,0.8804821,JJ
evince,0.626051,NN
transmute,0.7917197,NN
sanctimonious,0.9189297,JJ
upbraid,0.4170714,JJ
protean,0.1537197,NN
boon,0.32466337,NN
deprecate,0.8810306,NN
ruse,0.10377016,NN
pithy,0.57837445,JJ
sycophant,0.7131797,JJ
turpitude,0.6659071,NN
exculpate,0.87858564,NN
implacable,0.82692194,JJ
dither,0.6309644,RB
garrulous,0.75271666,JJ
reprobate,0.87023145,NN
primeval,0.60310936,NN
jubilant,0.7572813,JJ
pulchritude,0.88594794,NN
cajole,0.7321802,NN
assiduous,0.78642404,JJ
legerdemain,0.8766971,NN
variegated,0.8021442,VBD
gregarious,0.78525966,JJ
ingenuous,0.77403414,JJ
concomitant,0.8004583,NN
somnolent,0.9005593,NN
neophyte,0.7598027,NN
stupefy,0.7834041,NN
wistful,0.56663495,JJ
portent,0.628039,NN
multifarious,0.88258195,JJ